Arrangement,Contact,X,Y,Size,D,LX,LY,H
A35,1,0.3265,0.5710,22D,0.2106,0.5508,0.6306,0.3718
A35,2,0.5668,-0.3200,22D,0.2111,0.8531,-0.2063,0.3718
A35,3,-0.0003,-0.6492,22D,0.2111,-0.2376,-0.8057,0.3718
A35,4,-0.5672,-0.3200,22D,0.2109,-0.8101,-0.2874,0.3718
A35,5,-0.3295,0.5714,22D,0.2114,-0.5672,0.6199,0.3718
A35,6,-0.0003,0.0044,22D,0.2114,0.2052,0.1231,0.3718
A98,A,0.5157,0.1806,20,0.3469,0.6265,0.5175,0.3718
A98,B,-0.0000,-0.6780,20,0.3510,-0.4049,-0.6273,0.3718
A98,C,-0.5131,0.1807,20,0.3510,-0.5670,0.4851,0.3718
B2,A,0.5080,0.0368,16,0.3023,0.5275,0.3310,0.2569
B2,B,-0.5274,0.0368,16,0.2985,-0.5503,0.3372,0.2569
B4,A,0.4264,0.4928,20,0.2403,0.1890,0.6501,0.2569
B4,B,0.4291,-0.4779,20,0.2403,0.1950,-0.3357,0.2569
B4,C,-0.4201,-0.4679,20,0.2403,-0.1937,-0.3357,0.2569
B4,D,-0.4227,0.5028,20,0.2403,-0.1833,0.6501,0.2569
B5,A,0.3432,0.3316,20,0.2424,0.5373,0.5365,0.2568
B5,B,0.5539,-0.3318,20,0.2405,0.7870,-0.1462,0.2568
B5,C,-0.0000,-0.5992,20,0.2425,0.2612,-0.7804,0.2568
B5,D,-0.5540,-0.3320,20,0.2405,-0.7721,-0.1573,0.2568
B5,E,-0.3414,0.3319,20,0.2402,-0.5224,0.5627,0.2568
B35,1,0.0287,0.6754,22D,0.1433,0.1665,0.8079,0.2530
B35,2,0.4531,0.5306,22D,0.1432,0.5853,0.6536,0.2530
B35,3,0.6956,0.1811,22D,0.1433,0.7873,0.3194,0.2530
B35,4,0.6957,-0.1806,22D,0.1436,0.8314,-0.0628,0.2530
B35,5,0.4531,-0.5296,22D,0.1433,0.6110,-0.6066,0.2530
B35,6,0.0286,-0.6766,22D,0.1434,0.1774,-0.7647,0.2530
B35,7,-0.3882,-0.5296,22D,0.1433,-0.5501,-0.6436,0.2530
B35,8,-0.6312,-0.1806,22D,0.1433,-0.7743,-0.0777,0.2530
B35,9,-0.6307,0.1816,22D,0.1433,-0.7448,0.3154,0.2530
B35,10,-0.3882,0.5304,22D,0.1433,-0.4895,0.6718,0.2530
B35,11,0.0330,0.2456,22D,0.1433,0.2013,0.3705,0.2530
B35,12,0.2547,-0.1271,22D,0.1433,0.4364,-0.0557,0.2530
B35,13,-0.1899,-0.1275,22D,0.1431,-0.3866,-0.0117,0.2530
B98,A,-0.0000,0.6422,20,0.2425,0.1899,0.7489,0.2569
B98,B,0.6790,0.0010,20,0.2424,0.8316,0.2005,0.2569
B98,C,0.3060,-0.5460,20,0.2424,0.5518,-0.5979,0.2569
B98,D,-0.3078,-0.5459,20,0.2408,-0.5412,-0.6464,0.2569
B98,E,-0.6808,0.0008,20,0.2406,-0.8210,0.2005,0.2569
B98,F,-0.0000,-0.0000,20,0.2425,-0.1644,0.1892,0.2569
B99,A,0.3077,0.5453,20,0.2396,0.4215,0.7414,0.2568
B99,B,0.6808,0.0006,20,0.2405,0.8168,0.2378,0.2568
B99,C,0.3077,-0.5462,20,0.2409,0.5631,-0.6239,0.2568
B99,D,-0.3059,-0.5462,20,0.2425,-0.5448,-0.6239,0.2568
B99,E,-0.6789,0.0003,20,0.2425,-0.8133,0.2154,0.2568
B99,F,-0.3059,0.5453,20,0.2425,-0.4439,0.7042,0.2568
B99,G,-0.0001,-0.0011,20,0.2425,0.1455,0.2154,0.2568
C4,A,-0.0000,0.5654,16,0.2368,0.2076,0.7099,0.2013
C4,B,0.5335,0.1351,16,0.2342,0.7513,0.2421,0.2013
C4,C,-0.0000,-0.3356,16,0.2368,0.1988,-0.5122,0.2013
C4,D,-0.5219,0.1353,16,0.2339,-0.7046,0.3123,0.2013
C8,A,0.2939,0.5801,20,0.1901,0.4578,0.7561,0.2013
C8,B,0.6447,-0.0071,20,0.1901,0.7764,0.1713,0.2013
C8,C,0.5132,-0.4140,20,0.1901,0.6975,-0.4750,0.2013
C8,D,0.0073,-0.6564,20,0.1901,0.2004,-0.7614,0.2013
C8,E,-0.4883,-0.4139,20,0.1887,-0.6652,-0.5217,0.2013
C8,F,-0.6462,-0.0071,20,0.1878,-0.8201,0.1246,0.2013
C8,G,-0.2792,0.5806,20,0.1901,-0.4225,0.7181,0.2013
C8,H,0.0073,0.2096,20,0.1901,0.1915,0.0777,0.2013
C98,A,-0.0000,0.6722,20,0.1898,0.1342,0.8091,0.2010
C98,B,0.4817,0.4909,20,0.1898,0.6189,0.6309,0.2010
C98,C,0.7226,0.1011,20,0.1880,0.8350,0.2719,0.2010
C98,D,0.5577,-0.4696,20,0.1898,0.5810,-0.6683,0.2010
C98,E,-0.0000,-0.6481,20,0.1898,0.1226,-0.8464,0.2010
C98,F,-0.5460,-0.4695,20,0.1898,-0.5752,-0.6597,0.2010
C98,G,-0.7197,0.1009,20,0.1884,-0.7416,0.2864,0.2010
C98,H,-0.4759,0.4909,20,0.1898,-0.5548,0.6601,0.2010
C98,J,0.2409,-0.0765,20,0.1887,0.3737,0.0761,0.2010
C98,K,-0.2365,-0.0776,20,0.1898,-0.3212,0.1113,0.2010
D5,A,0.0012,0.3075,16,0.1917,0.1195,0.4864,0.1630
D5,B,0.5349,0.0745,16,0.1917,0.6923,0.2284,0.1630
D5,C,0.2888,-0.4533,16,0.1917,0.4864,-0.5763,0.1630
D5,D,-0.2864,-0.4533,16,0.1917,-0.4461,-0.6166,0.1630
D5,E,-0.5326,0.0745,16,0.1917,-0.7113,0.2214,0.1630
D15,A,0.3065,0.6906,20,0.1538,0.3799,0.8320,0.1630
D15,B,0.6201,0.4301,20,0.1524,0.6734,0.5740,0.1630
D15,C,0.7491,0.0437,20,0.1538,0.8249,0.1883,0.1630
D15,D,0.6686,-0.3456,20,0.1538,0.7800,-0.2118,0.1630
D15,E,0.3870,-0.6401,20,0.1538,0.5456,-0.6425,0.1630
D15,F,0.0012,-0.7506,20,0.1538,0.1621,-0.8366,0.1630
D15,G,-0.3858,-0.6401,20,0.1520,-0.5361,-0.6970,0.1630
D15,H,-0.6675,-0.3456,20,0.1525,-0.7752,-0.2236,0.1630
D15,J,-0.7468,0.0435,20,0.1538,-0.8415,0.1883,0.1630
D15,K,-0.6189,0.4300,20,0.1538,-0.6758,0.5740,0.1630
D15,L,-0.3065,0.6901,20,0.1541,-0.3893,0.8178,0.1630
D15,M,0.0012,0.4298,20,0.1538,0.1148,0.5456,0.1630
D15,N,0.3373,0.1235,20,0.1538,0.2616,0.2544,0.1630
D15,P,0.0000,-0.2355,16,0.1917,0.0887,-0.0650,0.1630
D15,R,-0.3373,0.1234,20,0.1538,-0.2498,0.2663,0.1630
D18,A,0.1827,0.6907,20,0.1538,0.2928,0.8228,0.1630
D18,B,0.5977,0.3472,20,0.1538,0.6975,0.4774,0.1630
D18,C,0.7976,0.0008,20,0.1527,0.9018,0.0990,0.1630
D18,D,0.5977,-0.3458,20,0.1538,0.7295,-0.2756,0.1630
D18,E,0.3989,-0.6892,20,0.1538,0.5332,-0.6353,0.1630
D18,F,0.0000,-0.6893,20,0.1525,0.1270,-0.6004,0.1630
D18,G,-0.3988,-0.6898,20,0.1541,-0.5201,-0.6007,0.1630
D18,H,-0.5976,-0.3459,20,0.1538,-0.7223,-0.2451,0.1630
D18,J,-0.7964,0.0007,20,0.1538,-0.8999,0.1254,0.1630
D18,K,-0.5976,0.3472,20,0.1538,-0.7002,0.4758,0.1630
D18,L,-0.2194,0.6906,20,0.1525,-0.3239,0.8239,0.1630
D18,M,-0.1988,0.3474,20,0.1524,-0.3156,0.4647,0.1630
D18,N,0.2000,0.3471,20,0.1538,0.3077,0.4768,0.1630
D18,P,0.3989,0.0008,20,0.1538,0.5144,0.1233,0.1630
D18,R,0.2000,-0.3459,20,0.1538,0.3364,-0.2494,0.1630
D18,S,-0.1988,-0.3456,20,0.1521,-0.3140,-0.2512,0.1630
D18,T,-0.3988,0.0007,20,0.1538,-0.5063,0.1057,0.1630
D18,U,0.0000,0.0008,20,0.1526,-0.0642,0.1372,0.1630
D19,A,-0.0000,0.6906,20,0.1525,0.0841,0.8395,0.1630
D19,B,0.3988,0.6907,20,0.1538,0.3325,0.8229,0.1630
D19,C,0.5976,0.3472,20,0.1538,0.6782,0.4774,0.1630
D19,D,0.7977,0.0007,20,0.1526,0.8840,0.1389,0.1630
D19,E,0.5976,-0.3458,20,0.1538,0.7468,-0.3818,0.1630
D19,F,0.3988,-0.6892,20,0.1538,0.5478,-0.6658,0.1630
D19,G,-0.0000,-0.6893,20,0.1525,0.1078,-0.8174,0.1630
D19,H,-0.3989,-0.6899,20,0.1541,-0.5481,-0.6328,0.1630
D19,J,-0.5977,-0.3459,20,0.1538,-0.7585,-0.3937,0.1630
D19,K,-0.7965,0.0007,20,0.1538,-0.8746,0.1342,0.1630
D19,L,-0.5977,0.3472,20,0.1538,-0.6782,0.4770,0.1630
D19,M,-0.3989,0.6901,20,0.1541,-0.2828,0.8134,0.1630
D19,N,-0.1988,0.3474,20,0.1524,-0.1361,0.4868,0.1630
D19,P,0.2000,0.3471,20,0.1538,0.2875,0.4819,0.1630
D19,R,0.3988,0.0007,20,0.1538,0.4745,0.1387,0.1630
D19,S,0.2000,-0.3459,20,0.1538,0.2875,-0.2117,0.1630
D19,T,-0.1988,-0.3456,20,0.1521,-0.2828,-0.2162,0.1630
D19,U,-0.3989,0.0007,20,0.1538,-0.4652,0.1506,0.1630
D19,V,-0.0000,0.0008,20,0.1526,0.0888,0.1342,0.1630
D97,A,0.1988,0.7184,20,0.1525,0.2473,0.8723,0.1630
D97,B,0.5456,0.5465,20,0.1538,0.6711,0.6286,0.1630
D97,C,0.7053,-0.0698,16,0.1917,0.8061,0.0888,0.1630
D97,D,0.5858,-0.6062,20,0.1538,0.6758,-0.4508,0.1630
D97,E,0.1988,-0.7168,20,0.1521,0.3374,-0.8223,0.1630
D97,F,-0.2734,-0.7197,20,0.1539,-0.4272,-0.7537,0.1630
D97,G,-0.6343,-0.2911,16,0.1895,-0.7940,-0.1951,0.1630
D97,H,-0.7182,0.1997,20,0.1542,-0.7846,0.3492,0.1630
D97,J,-0.5456,0.5465,20,0.1538,-0.5526,0.6996,0.1630
D97,K,-0.2000,0.7184,20,0.1538,-0.2047,0.8771,0.1630
D97,L,-0.1444,0.2486,16,0.1896,-0.0650,0.4108,0.1630
D97,M,0.1444,-0.2483,16,0.1898,0.2805,-0.1146,0.1630
E6,A,0.2728,0.5900,12,0.2381,0.4304,0.7383,0.1366
E6,B,0.5526,0.0007,12,0.2381,0.7064,0.1689,0.1366
E6,C,0.0000,-0.5525,12,0.2401,0.1765,-0.6744,0.1366
E6,D,-0.5526,0.0008,12,0.2381,-0.7183,0.1352,0.1366
E6,E,-0.2728,0.5899,12,0.2381,-0.4088,0.7224,0.1366
E6,F,0.0000,0.0007,12,0.2401,0.1209,0.1649,0.1366
E8,A,0.0000,0.6382,16,0.1588,0.1122,0.7604,0.1367
E8,B,0.3276,0.2033,16,0.1591,0.4278,0.3277,0.1367
E8,C,0.5538,-0.2606,16,0.1597,0.6938,-0.3591,0.1367
E8,D,0.2720,-0.5887,16,0.1589,0.4120,-0.6808,0.1367
E8,E,-0.2729,-0.5889,16,0.1608,-0.3603,-0.7364,0.1367
E8,F,-0.5538,-0.2607,16,0.1596,-0.6819,-0.3889,0.1367
E8,G,-0.3275,0.2034,16,0.1590,-0.4675,0.2820,0.1367
E8,H,0.0000,-0.0826,16,0.1593,0.0684,0.0677,0.1367
E26,A,0.0010,0.8039,20,0.1291,0.1119,0.8796,0.1367
E26,B,0.3285,0.7335,20,0.1290,0.4434,0.7883,0.1367
E26,C,0.5985,0.5361,20,0.1290,0.6757,0.6215,0.1367
E26,D,0.7633,0.2483,20,0.1290,0.8365,0.3575,0.1367
E26,E,0.7990,-0.0845,20,0.1290,0.9099,-0.1388,0.1367
E26,F,0.6958,-0.4017,20,0.1291,0.7988,-0.4823,0.1367
E26,G,0.4735,-0.6492,20,0.1290,0.5844,-0.6847,0.1367
E26,H,0.1678,-0.7844,20,0.1290,0.2847,-0.8316,0.1367
E26,J,-0.1668,-0.7842,20,0.1279,-0.2811,-0.8375,0.1367
E26,K,-0.4715,-0.6490,20,0.1290,-0.6047,-0.6608,0.1367
E26,L,-0.6948,-0.4019,20,0.1277,-0.8210,-0.4146,0.1367
E26,M,-0.7970,-0.0843,20,0.1291,-0.9005,-0.1626,0.1367
E26,N,-0.7623,0.2483,20,0.1278,-0.8330,0.3456,0.1367
E26,P,-0.5965,0.5360,20,0.1290,-0.6364,0.6474,0.1367
E26,R,-0.3265,0.7334,20,0.1290,-0.3545,0.8498,0.1367
E26,S,-0.1737,0.4435,20,0.1291,-0.2135,0.5738,0.1367
E26,T,0.1757,0.4435,20,0.1291,0.2033,0.5659,0.1367
E26,U,0.4377,0.2360,20,0.1290,0.4614,0.3575,0.1367
E26,V,0.4457,-0.0896,20,0.1290,0.4990,0.0200,0.1367
E26,W,0.2988,-0.3769,20,0.1290,0.3998,-0.2916,0.1367
E26,X,0.0010,-0.5069,20,0.1290,0.0564,-0.3829,0.1367
E26,Y,-0.2968,-0.3770,20,0.1290,-0.3962,-0.2856,0.1367
E26,Z,-0.4447,-0.0893,20,0.1276,-0.5311,0.0141,0.1367
E26,a,-0.4367,0.2361,20,0.1282,-0.4894,0.3456,0.1367
E26,b,0.0010,0.1632,20,0.1291,0.0625,0.2781,0.1367
E26,c,0.0010,-0.1622,20,0.1291,0.0824,-0.0475,0.1367
E99,A,0.0010,0.8039,20,0.1290,0.1141,0.9014,0.1367
E99,B,0.3285,0.7334,20,0.1291,0.4258,0.7961,0.1367
E99,C,0.5985,0.5356,20,0.1290,0.6680,0.6473,0.1367
E99,D,0.7633,0.2481,20,0.1290,0.8189,0.3555,0.1367
E99,E,0.7990,-0.0844,20,0.1290,0.8824,-0.1785,0.1367
E99,F,0.6957,-0.4019,20,0.1290,0.7812,-0.4941,0.1367
E99,G,0.4734,-0.6493,20,0.1290,0.5926,-0.6886,0.1367
E99,H,0.1677,-0.7845,20,0.1290,0.2928,-0.8414,0.1367
E99,J,-0.1668,-0.7844,20,0.1276,-0.2809,-0.8414,0.1367
E99,K,-0.4715,-0.6494,20,0.1290,-0.5846,-0.6747,0.1367
E99,L,-0.6948,-0.4019,20,0.1275,-0.8149,-0.4246,0.1367
E99,M,-0.7970,-0.0844,20,0.1291,-0.9122,-0.1307,0.1367
E99,N,-0.7623,0.2485,20,0.1280,-0.8149,0.3716,0.1367
E99,P,-0.5966,0.5357,20,0.1291,-0.6541,0.6475,0.1367
E99,R,-0.3266,0.7335,20,0.1290,-0.4020,0.8282,0.1367
E99,S,-0.1737,0.4435,20,0.1290,-0.1796,0.5742,0.1367
E99,T,0.1757,0.4435,20,0.1290,0.1877,0.5662,0.1367
E99,U,0.4377,0.2360,20,0.1290,0.4299,0.3559,0.1367
E99,V,0.3285,-0.2045,20,0.1291,0.4140,-0.1047,0.1367
E99,W,-0.0000,-0.4338,16,0.1588,0.0090,-0.2834,0.1367
E99,X,-0.3266,-0.2049,20,0.1290,-0.4098,-0.0809,0.1367
E99,Y,-0.4377,0.2360,20,0.1290,-0.4634,0.3597,0.1367
E99,Z,-0.0000,0.0822,16,0.1593,0.0090,0.2505,0.1367
F11,A,0.2475,0.6581,16,0.1443,0.3418,0.7713,0.1226
F11,B,0.6171,0.3482,16,0.1425,0.6660,0.4792,0.1226
F11,C,0.7017,-0.1276,16,0.1443,0.8156,-0.0337,0.1226
F11,D,0.4604,-0.5458,16,0.1425,0.5734,-0.5074,0.1226
F11,E,-0.0000,-0.7116,16,0.1443,0.1211,-0.8048,0.1226
F11,F,-0.4479,-0.5458,16,0.1425,-0.5664,-0.4557,0.1226
F11,G,-0.6901,-0.1274,16,0.1427,-0.7818,-0.0195,0.1226
F11,H,-0.6064,0.3482,16,0.1425,-0.6447,0.4792,0.1226
F11,J,-0.2360,0.6580,16,0.1425,-0.2529,0.7927,0.1226
F11,K,-0.0000,0.2404,16,0.1443,0.0232,0.3813,0.1226
F11,L,-0.0000,-0.2359,16,0.1443,0.0748,-0.1068,0.1226
F28,A,0.1434,0.7661,20,0.1149,0.2245,0.8618,0.1227
F28,B,0.4098,0.6623,20,0.1158,0.4669,0.7780,0.1227
F28,C,0.6201,0.4714,20,0.1158,0.6717,0.5891,0.1227
F28,D,0.7483,0.2135,20,0.1158,0.8106,0.3058,0.1227
F28,E,0.7742,-0.0703,20,0.1149,0.8926,-0.1200,0.1227
F28,F,0.6967,-0.3455,20,0.1158,0.7911,-0.4550,0.1227
F28,G,0.5247,-0.5733,20,0.1148,0.6324,-0.6492,0.1227
F28,H,0.2815,-0.7251,20,0.1158,0.3919,-0.8077,0.1227
F28,J,0.0000,-0.7768,20,0.1158,-0.0677,-0.8915,0.1227
F28,K,-0.2815,-0.7252,20,0.1158,-0.3706,-0.8202,0.1227
F28,L,-0.5238,-0.5733,20,0.1158,-0.6166,-0.6314,0.1227
F28,M,-0.6958,-0.3458,20,0.1149,-0.8037,-0.3981,0.1227
F28,N,-0.7732,-0.0705,20,0.1158,-0.8910,-0.1201,0.1227
F28,P,-0.7474,0.2137,20,0.1144,-0.8500,0.2897,0.1227
F28,R,-0.6200,0.4710,20,0.1158,-0.7181,0.5641,0.1227
F28,S,-0.4098,0.6617,20,0.1158,-0.5025,0.7547,0.1227
F28,T,-0.1425,0.7660,20,0.1158,-0.2317,0.8599,0.1227
F28,U,0.0000,0.4996,20,0.1158,0.0908,0.5944,0.1227
F28,V,0.2690,0.4195,20,0.1158,0.3438,0.5018,0.1227
F28,W,0.4535,0.2070,20,0.1144,0.5273,0.2951,0.1227
F28,X,0.4944,-0.0704,20,0.1147,0.6004,-0.1468,0.1227
F28,Y,0.3777,-0.3263,20,0.1158,0.4792,-0.4016,0.1227
F28,Z,0.0009,-0.4529,16,0.1432,0.1230,-0.5317,0.1227
F28,a,-0.3768,-0.3261,20,0.1145,-0.4151,-0.4230,0.1227
F28,b,-0.4935,-0.0705,20,0.1158,-0.5381,-0.1700,0.1227
F28,c,-0.4525,0.2068,20,0.1158,-0.5328,0.1435,0.1227
F28,d,-0.2690,0.4193,20,0.1158,-0.3599,0.5123,0.1227
F28,e,0.0009,0.1256,16,0.1443,-0.0837,0.2433,0.1227
F30,A,0.1743,0.8470,20,0.1040,0.2820,0.8925,0.0925
F30,B,0.4544,0.7226,20,0.1040,0.5866,0.7178,0.0925
F30,C,0.6989,0.4981,20,0.1041,0.7845,0.3969,0.0925
F30,D,0.8500,0.2358,20,0.1040,0.9133,0.1207,0.0925
F30,E,0.8567,-0.1509,20,0.1041,0.8340,-0.2982,0.0925
F30,F,0.6989,-0.4577,20,0.1041,0.6286,-0.6101,0.0925
F30,G,0.4811,-0.7133,20,0.1040,0.3596,-0.8240,0.0925
F30,H,0.1743,-0.8417,20,0.1040,0.0567,-0.8864,0.0925
F30,J,-0.1608,-0.8417,20,0.1040,-0.3041,-0.8240,0.0925
F30,K,-0.4458,-0.7033,20,0.1040,-0.5905,-0.6191,0.0925
F30,L,-0.6742,-0.4549,20,0.1041,-0.8166,-0.3249,0.0925
F30,M,-0.8242,-0.1515,20,0.1040,-0.9173,-0.0754,0.0925
F30,N,-0.8242,0.2369,20,0.1040,-0.8080,0.3613,0.0925
F30,P,-0.6742,0.5353,20,0.1041,-0.5820,0.6287,0.0925
F30,R,-0.4391,0.7303,20,0.1040,-0.3588,0.8248,0.0925
F30,S,-0.1608,0.8537,20,0.1040,-0.0576,0.9228,0.0925
F30,T,0.1777,0.5303,20,0.1040,0.2903,0.5930,0.0925
F30,U,0.4010,0.3169,20,0.1040,0.5202,0.4058,0.0925
F30,V,0.5761,-0.0065,20,0.1041,0.6588,0.0849,0.0925
F30,W,0.4111,-0.2715,20,0.1040,0.5472,-0.2359,0.0925
F30,X,0.1726,-0.4266,20,0.1041,0.3116,-0.4587,0.0925
F30,Y,0.0093,-0.6483,20,0.1040,0.1408,-0.6370,0.0925
F30,Z,-0.1674,-0.4249,20,0.1040,-0.2957,-0.4766,0.0925
F30,a,-0.4058,-0.2682,20,0.1040,-0.5397,-0.2449,0.0925
F30,b,-0.5592,0.0002,20,0.1041,-0.5892,0.1294,0.0925
F30,c,-0.4114,0.3169,20,0.1041,-0.5234,0.3790,0.0925
F30,d,-0.1858,0.5348,20,0.1040,-0.3130,0.6018,0.0925
F30,e,-0.0096,0.2693,16,0.1296,0.1125,0.3362,0.0925
F30,f,0.1713,-0.1622,20,0.1040,0.2719,-0.1201,0.0925
F30,g,-0.1681,-0.1622,20,0.1041,-0.0724,-0.0755,0.0925
F32,A,0.1505,0.7645,20,0.1146,0.2565,0.8492,0.1226
F32,B,0.4186,0.6598,20,0.1157,0.5486,0.6943,0.1226
F32,C,0.6305,0.4678,20,0.1158,0.7480,0.5091,0.1226
F32,D,0.7596,0.2368,20,0.1148,0.8673,0.1600,0.1226
F32,E,0.7854,-0.0777,20,0.1158,0.8923,-0.1624,0.1226
F32,F,0.7070,-0.3550,20,0.1158,0.8211,-0.4046,0.1226
F32,G,0.5343,-0.5843,20,0.1158,0.6519,-0.6415,0.1226
F32,H,0.2903,-0.7368,20,0.1158,0.3936,-0.8160,0.1226
F32,J,0.0009,-0.7832,20,0.1147,0.0908,-0.8818,0.1226
F32,K,-0.2769,-0.7367,20,0.1147,-0.3561,-0.8106,0.1226
F32,L,-0.5218,-0.5844,20,0.1158,-0.6020,-0.6717,0.1226
F32,M,-0.6946,-0.3549,20,0.1158,-0.7516,-0.4669,0.1226
F32,N,-0.7729,-0.0776,20,0.1158,-0.8691,-0.1481,0.1226
F32,P,-0.7462,0.2367,20,0.1158,-0.8495,0.1707,0.1226
F32,R,-0.6180,0.4678,20,0.1158,-0.7355,0.4593,0.1226
F32,S,-0.4060,0.6596,20,0.1158,-0.4951,0.7461,0.1226
F32,T,-0.1371,0.7645,20,0.1158,-0.2280,0.8280,0.1226
F32,U,0.0009,0.5021,20,0.1150,0.0801,0.5965,0.1226
F32,V,0.2770,0.4154,20,0.1148,0.3882,0.4897,0.1226
F32,W,0.4631,0.1824,20,0.1157,0.5432,0.2582,0.1226
F32,X,0.5040,-0.0776,20,0.1158,0.6108,-0.1532,0.1226
F32,Y,0.3740,-0.3351,20,0.1158,0.4505,-0.2761,0.1226
F32,Z,0.1372,-0.4880,20,0.1158,0.2404,-0.5166,0.1226
F32,a,-0.1353,-0.4879,20,0.1158,-0.2618,-0.5076,0.1226
F32,b,-0.3731,-0.3352,20,0.1150,-0.5023,-0.2778,0.1226
F32,c,-0.4915,-0.0776,20,0.1158,-0.5967,-0.0250,0.1226
F32,d,-0.4497,0.1824,20,0.1149,-0.5201,0.2796,0.1226
F32,e,-0.2636,0.4155,20,0.1158,-0.3811,0.4685,0.1226
F32,f,0.0009,0.2099,20,0.1148,0.0659,0.3099,0.1226
F32,g,0.2155,-0.0002,20,0.1157,0.2707,0.0999,0.1226
F32,h,0.0009,-0.2093,20,0.1147,0.0303,-0.0961,0.1226
F32,j,-0.2030,0.0004,20,0.1158,-0.1870,0.1248,0.1226
G24,A,0.3404,0.7722,20,0.0936,0.4065,0.7174,0.1009
G24,B,0.6955,0.4092,20,0.0936,0.7753,0.3151,0.1009
G24,C,0.8060,0.0059,20,0.0936,0.8652,-0.1094,0.1009
G24,D,0.7033,-0.4075,20,0.0936,0.7134,-0.5538,0.1009
G24,E,0.4075,-0.7093,20,0.0936,0.4863,-0.7773,0.1009
G24,F,-0.0088,-0.8178,20,0.0936,0.0611,-0.9148,0.1009
G24,G,-0.4053,-0.7093,20,0.0936,-0.5474,-0.7344,0.1009
G24,H,-0.7131,-0.4075,20,0.0936,-0.7227,-0.5590,0.1009
G24,J,-0.8236,0.0059,20,0.0936,-0.9010,-0.1378,0.1009
G24,K,-0.7131,0.4092,20,0.0936,-0.8387,0.2841,0.1009
G24,L,-0.3777,0.7722,20,0.0936,-0.4778,0.7070,0.1009
G24,M,-0.0088,0.6618,20,0.0936,0.0689,0.5781,0.1009
G24,N,0.2891,0.4073,20,0.0936,0.3835,0.3228,0.1009
G24,P,0.5022,0.0057,20,0.0936,0.5769,-0.0795,0.1009
G24,R,0.4075,-0.3049,20,0.0936,0.4814,-0.3966,0.1009
G24,S,0.1550,-0.5041,20,0.0936,0.2314,-0.5719,0.1009
G24,T,-0.1489,-0.5041,20,0.0936,-0.1710,-0.6622,0.1009
G24,U,-0.4053,-0.3048,20,0.0936,-0.4495,-0.4558,0.1009
G24,V,-0.5118,0.0059,20,0.0936,-0.6120,-0.1464,0.1009
G24,W,-0.3106,0.4073,20,0.0936,-0.4882,0.3074,0.1009
G24,X,-0.0088,0.3027,20,0.0936,0.0662,0.2559,0.1009
G24,Y,0.1984,0.0581,20,0.0937,0.2798,0.0548,0.1009
G24,Z,-0.0088,-0.2023,20,0.0936,0.0867,-0.2572,0.1009
G24,a,-0.2080,0.0581,20,0.0936,-0.3336,0.1213,0.1009
H21,A,0.2442,0.7347,16,0.1107,0.3169,0.8171,0.0953
H21,B,0.5500,0.5486,16,0.1121,0.6240,0.6372,0.0953
H21,C,0.7326,0.2394,16,0.1107,0.8025,0.3259,0.0953
H21,D,0.7520,-0.1238,16,0.1121,0.8467,-0.2081,0.0953
H21,E,0.5929,-0.4525,16,0.1108,0.6807,-0.5235,0.0953
H21,F,0.3507,-0.6600,16,0.1107,0.4261,-0.7601,0.0953
H21,G,-0.0000,-0.7569,16,0.1121,0.0719,-0.8514,0.0953
H21,H,-0.3507,-0.6600,16,0.1107,-0.4373,-0.7297,0.0953
H21,J,-0.5929,-0.4526,16,0.1109,-0.6905,-0.5014,0.0953
H21,K,-0.7520,-0.1238,16,0.1121,-0.8482,-0.1818,0.0953
H21,L,-0.7326,0.2394,16,0.1107,-0.8275,0.3093,0.0953
H21,M,-0.5486,0.5486,16,0.1121,-0.5992,0.6470,0.0953
H21,N,-0.2435,0.7346,16,0.1121,-0.2961,0.8351,0.0953
H21,P,-0.0000,0.4919,16,0.1121,0.0802,0.5889,0.0953
H21,R,0.2913,0.3001,16,0.1109,0.3735,0.3923,0.0953
H21,S,0.4033,-0.0616,16,0.1121,0.4661,0.0366,0.0953
H21,T,0.1972,-0.3597,16,0.1107,0.2821,-0.2691,0.0953
H21,U,-0.1965,-0.3597,16,0.1121,-0.2228,-0.2469,0.0953
H21,V,-0.4034,-0.0616,16,0.1121,-0.4498,0.0643,0.0953
H21,W,-0.3093,0.3001,16,0.1109,-0.3585,0.4005,0.0953
H21,X,-0.0000,0.0013,16,0.1121,0.0842,0.1030,0.0953
H32,A,0.1909,0.8488,20,0.0936,0.2956,0.8319,0.0902
H32,B,0.6187,0.6123,20,0.0935,0.5429,0.6973,0.0902
H32,C,0.8086,0.2813,20,0.0936,0.7721,0.4027,0.0902
H32,D,0.8486,-0.1502,20,0.0936,0.8958,-0.0448,0.0902
H32,E,0.7067,-0.5221,20,0.0935,0.6193,-0.6233,0.0902
H32,F,0.3684,-0.7578,20,0.0935,0.4666,-0.7688,0.0902
H32,G,-0.0033,-0.8488,20,0.0935,0.1066,-0.8634,0.0902
H32,H,-0.4027,-0.7578,20,0.0936,-0.2936,-0.7943,0.0902
H32,J,-0.7257,-0.5221,20,0.0936,-0.6282,-0.5579,0.0902
H32,K,-0.8654,-0.1502,20,0.0936,-0.8864,-0.0304,0.0902
H32,L,-0.8064,0.2805,20,0.0935,-0.7628,0.3953,0.0902
H32,M,-0.6209,0.6123,20,0.0936,-0.5627,0.7154,0.0902
H32,N,-0.1903,0.8488,20,0.0936,-0.3008,0.8209,0.0902
H32,P,-0.0040,0.6218,20,0.0936,-0.0279,0.7081,0.0902
H32,R,0.2935,0.5636,20,0.0935,0.3686,0.6500,0.0902
H32,S,0.4674,0.3336,20,0.0936,0.5760,0.3516,0.0902
H32,T,0.6158,0.0513,20,0.0936,0.6887,0.0788,0.0902
H32,U,0.5671,-0.2375,20,0.0936,0.6305,-0.1541,0.0902
H32,V,0.3779,-0.4784,20,0.0936,0.4886,-0.5106,0.0902
H32,W,-0.0033,-0.5694,20,0.0935,0.0921,-0.5725,0.0902
H32,X,-0.3961,-0.4799,20,0.0935,-0.2935,-0.5034,0.0902
H32,Y,-0.5795,-0.2368,20,0.0936,-0.4935,-0.2269,0.0902
H32,Z,-0.6180,0.0484,20,0.0936,-0.7081,0.1078,0.0902
H32,a,-0.4689,0.3336,20,0.0935,-0.5554,0.3953,0.0902
H32,b,-0.2921,0.5636,20,0.0935,-0.3626,0.6136,0.0902
H32,c,0.1968,0.2878,20,0.0936,0.3211,0.3444,0.0902
H32,d,0.2870,-0.0011,20,0.0936,0.4085,0.0279,0.0902
H32,e,0.1422,-0.2892,20,0.0936,0.2775,-0.2704,0.0902
H32,f,-0.1437,-0.2892,20,0.0935,-0.0317,-0.3032,0.0902
H32,g,-0.2875,-0.0047,20,0.0935,-0.1881,-0.0194,0.0902
H32,h,-0.2019,0.2841,20,0.0936,-0.0790,0.3153,0.0902
H32,j,-0.0033,0.0011,20,0.0935,0.1138,0.0061,0.0902
H53,A,0.2006,0.8158,20,0.0899,0.2767,0.8752,0.0953
H53,B,0.4026,0.6992,20,0.0899,0.4842,0.7617,0.0953
H53,C,0.6019,0.5834,20,0.0899,0.6834,0.6289,0.0953
H53,D,0.8053,0.2341,20,0.0899,0.8869,0.2761,0.0953
H53,E,0.8053,0.0013,20,0.0899,0.8869,0.0367,0.0953
H53,F,0.8053,-0.2311,20,0.0899,0.8841,-0.1667,0.0953
H53,G,0.6019,-0.5804,20,0.0899,0.7029,-0.5969,0.0953
H53,H,0.4026,-0.7328,20,0.0899,0.4954,-0.7616,0.0953
H53,J,-0.4026,-0.7325,20,0.0899,-0.4676,-0.8169,0.0953
H53,K,-0.6019,-0.5803,20,0.0899,-0.6683,-0.6481,0.0953
H53,L,-0.8053,-0.2313,20,0.0899,-0.8842,-0.1778,0.0953
H53,M,-0.8053,0.0012,20,0.0899,-0.8869,0.0491,0.0953
H53,N,-0.8053,0.2339,20,0.0899,-0.8634,0.3121,0.0953
H53,P,-0.6019,0.5830,20,0.0899,-0.6255,0.6718,0.0953
H53,R,-0.4026,0.6995,20,0.0899,-0.4524,0.7852,0.0953
H53,S,-0.2006,0.8158,20,0.0899,-0.2601,0.8835,0.0953
H53,T,0.0000,0.6997,20,0.0899,0.0179,0.7852,0.0953
H53,U,0.2006,0.5832,20,0.0899,0.2366,0.6635,0.0953
H53,V,0.4026,0.4668,20,0.0899,0.4441,0.5431,0.0953
H53,W,0.6019,0.3505,20,0.0899,0.6683,0.4048,0.0953
H53,X,0.6019,0.1176,20,0.0899,0.6640,0.1971,0.0953
H53,Y,0.6019,-0.1150,20,0.0899,0.6600,-0.0532,0.0953
H53,Z,0.6019,-0.3477,20,0.0899,0.6849,-0.4101,0.0953
H53,a,0.4026,-0.4643,20,0.0899,0.4911,-0.4283,0.0953
H53,b,0.2006,-0.5803,20,0.0899,0.2850,-0.6012,0.0953
H53,c,0.0000,-0.6967,20,0.0899,0.0817,-0.7215,0.0953
H53,d,-0.2006,-0.5801,20,0.0899,-0.2712,-0.4780,0.0953
H53,e,-0.4026,-0.4640,20,0.0899,-0.4773,-0.3688,0.0953
H53,f,-0.6019,-0.3481,20,0.0899,-0.6586,-0.2387,0.0953
H53,g,-0.6019,-0.1150,20,0.0899,-0.6849,-0.0242,0.0953
H53,h,-0.6019,0.1177,20,0.0899,-0.6517,0.2221,0.0953
H53,k,-0.6019,0.3504,20,0.0899,-0.6697,0.4309,0.0953
H53,m,-0.4026,0.4669,20,0.0899,-0.4746,0.5499,0.0953
H53,n,-0.2006,0.5833,20,0.0899,-0.2408,0.6827,0.0953
H53,p,0.0000,0.4668,20,0.0899,0.0677,0.5791,0.0953
H53,q,0.2006,0.3505,20,0.0899,0.2726,0.4352,0.0953
H53,r,0.4026,0.2340,20,0.0899,0.4718,0.3245,0.0953
H53,s,0.4026,0.0012,20,0.0899,0.4538,0.0989,0.0953
H53,t,0.4026,-0.2311,20,0.0899,0.4773,-0.1460,0.0953
H53,u,0.2006,-0.3477,20,0.0899,0.2711,-0.2483,0.0953
H53,v,0.0000,-0.4641,20,0.0899,0.0691,-0.3811,0.0953
H53,w,-0.2006,-0.3477,20,0.0899,-0.2726,-0.2441,0.0953
H53,x,-0.4026,-0.2312,20,0.0899,-0.4787,-0.1473,0.0953
H53,y,-0.4026,0.0013,20,0.0899,-0.4511,0.1099,0.0953
H53,z,-0.4026,0.2340,20,0.0899,-0.4345,0.3287,0.0953
H53,AA,-0.2006,0.3505,20,0.0899,-0.1973,0.4366,0.0953
H53,BB,0.0000,0.2340,20,0.0899,0.0076,0.3189,0.0953
H53,CC,0.2006,0.1176,20,0.0899,0.2055,0.2000,0.0953
H53,DD,0.2006,-0.1150,20,0.0899,0.2166,-0.0270,0.0953
H53,EE,0.0000,-0.2312,20,0.0899,-0.0104,-0.1460,0.0953
H53,FF,-0.2006,-0.1150,20,0.0899,-0.2082,-0.0311,0.0953
H53,GG,-0.2006,0.1177,20,0.0899,-0.1945,0.2027,0.0953
H53,HH,0.0000,0.0012,20,0.0899,-0.0063,0.0782,0.0953
J19,A,0.0089,0.6559,12,0.2109,0.1029,0.7737,0.0812
J19,B,0.3848,0.6559,12,0.2109,0.4179,0.7737,0.0812
J19,C,0.5651,0.3156,12,0.2109,0.6566,0.4155,0.0812
J19,D,0.7556,-0.0045,12,0.2109,0.8497,0.0950,0.0812
J19,E,0.5651,-0.3042,12,0.2109,0.7074,-0.2715,0.0812
J19,F,0.3848,-0.6310,12,0.2109,0.5144,-0.5522,0.0812
J19,G,0.0089,-0.6310,12,0.2109,0.1282,-0.5522,0.0812
J19,H,-0.3654,-0.6310,12,0.2109,-0.5119,-0.5522,0.0812
J19,J,-0.5525,-0.3042,12,0.2109,-0.6947,-0.2715,0.0812
J19,K,-0.7328,-0.0045,12,0.2109,-0.8522,0.0950,0.0812
J19,L,-0.5525,0.3156,12,0.2109,-0.6541,0.4155,0.0812
J19,M,-0.3654,0.6559,12,0.2109,-0.2884,0.7737,0.0812
J19,N,-0.1867,0.3156,12,0.2109,-0.3239,0.4155,0.0812
J19,P,0.1841,0.3156,12,0.2109,-0.0092,0.4155,0.0812
J19,R,0.3848,-0.0045,12,0.2109,0.2552,0.0950,0.0812
J19,S,0.1841,-0.3042,12,0.2109,0.3213,-0.2715,0.0812
J19,T,-0.1867,-0.3042,12,0.2109,-0.3188,-0.2715,0.0812
J19,U,-0.3654,-0.0045,12,0.2109,-0.4966,0.0950,0.0812
J19,V,0.0089,-0.0045,12,0.2109,-0.1902,0.0950,0.0812
J24,A,-0.0066,0.7313,12,0.2109,0.1221,0.7969,0.0812
J24,B,0.3229,0.6093,12,0.2110,0.4606,0.6580,0.0812
J24,C,0.6073,0.4772,16,0.1217,0.7027,0.4293,0.0812
J24,D,0.6885,0.1621,12,0.2110,0.8314,0.0635,0.0812
J24,E,0.6073,-0.2173,12,0.2109,0.7501,-0.2888,0.0812
J24,F,0.5531,-0.5222,16,0.1217,0.6587,-0.5328,0.0812
J24,G,0.3635,-0.6883,16,0.1217,0.4674,-0.7089,0.0812
J24,H,-0.0066,-0.7729,16,0.1217,0.0797,-0.8377,0.0812
J24,J,-0.3576,-0.6882,16,0.1217,-0.2909,-0.7699,0.0812
J24,K,-0.5471,-0.5223,16,0.1217,-0.5753,-0.6615,0.0812
J24,L,-0.6419,-0.2174,12,0.2109,-0.7564,-0.3414,0.0812
J24,M,-0.7503,0.1621,12,0.2110,-0.8675,-0.0020,0.0812
J24,N,-0.6149,0.4772,16,0.1217,-0.7316,0.4090,0.0812
J24,P,-0.3711,0.6093,12,0.2110,-0.5160,0.6327,0.0812
J24,R,-0.0066,0.3654,12,0.2110,-0.1317,0.4734,0.0812
J24,S,0.3500,0.2536,12,0.2109,0.2356,0.3616,0.0812
J24,T,0.2823,-0.0852,12,0.2109,0.4167,-0.0314,0.0812
J24,U,0.3229,-0.4274,16,0.1217,0.4031,-0.3499,0.0812
J24,V,-0.0066,-0.4883,16,0.1217,0.0651,-0.5937,0.0812
J24,W,-0.3305,-0.4274,16,0.1217,-0.2508,-0.5328,0.0812
J24,X,-0.2966,-0.0852,12,0.2110,-0.4641,-0.1076,0.0812
J24,Y,-0.3576,0.2536,12,0.2110,-0.5042,0.1278,0.0812
J24,Z,-0.0066,0.0537,16,0.1217,-0.1166,0.1176,0.0812
J24,a,-0.0066,-0.2377,16,0.1216,0.1052,-0.2963,0.0812
J29,A,-0.0005,0.7722,16,0.1009,0.0628,0.8563,0.0857
J29,B,0.4146,0.6513,16,0.0996,0.5035,0.6895,0.0857
J29,C,0.6362,0.4435,16,0.0996,0.7301,0.4928,0.0857
J29,D,0.7545,0.1732,16,0.0998,0.8447,0.1020,0.0857
J29,E,0.7545,-0.1779,16,0.0998,0.8559,-0.2205,0.0857
J29,F,0.6362,-0.4486,16,0.1009,0.7152,-0.5193,0.0857
J29,G,0.4233,-0.6565,16,0.1008,0.5223,-0.7023,0.0857
J29,H,0.1464,-0.7628,16,0.1008,0.2371,-0.8305,0.0857
J29,J,-0.1468,-0.7628,16,0.0999,-0.2135,-0.8418,0.0857
J29,K,-0.4245,-0.6565,16,0.1008,-0.5210,-0.6675,0.0857
J29,L,-0.6367,-0.4486,16,0.1009,-0.7252,-0.5156,0.0857
J29,M,-0.7556,-0.1778,16,0.0996,-0.8397,-0.2355,0.0857
J29,N,-0.7556,0.1733,16,0.0996,-0.8509,0.1206,0.0857
J29,P,-0.6367,0.4434,16,0.1009,-0.6654,0.5413,0.0857
J29,R,-0.4157,0.6513,16,0.0996,-0.4985,0.7206,0.0857
J29,S,-0.1468,0.5144,16,0.0996,-0.1948,0.6135,0.0857
J29,T,0.1464,0.5144,16,0.1008,0.2147,0.5725,0.0857
J29,U,0.3667,0.3101,16,0.1008,0.4501,0.3870,0.0857
J29,V,0.5130,-0.0024,16,0.0998,0.5708,0.0906,0.0857
J29,W,0.3860,-0.2938,16,0.0999,0.4688,-0.2394,0.0857
J29,X,0.1464,-0.4692,16,0.1008,0.2460,-0.5157,0.0857
J29,Y,-0.1468,-0.4693,16,0.0998,-0.2321,-0.5269,0.0857
J29,Z,-0.3871,-0.2937,16,0.0999,-0.4786,-0.2356,0.0857
J29,a,-0.5141,-0.0023,16,0.0996,-0.5695,0.0869,0.0857
J29,b,-0.3678,0.3101,16,0.1009,-0.4451,0.3907,0.0857
J29,c,-0.0005,0.2568,16,0.1009,0.0629,0.3297,0.0857
J29,d,0.2154,-0.0023,16,0.0996,0.2870,0.0757,0.0857
J29,e,-0.0005,-0.2117,16,0.1009,0.0554,-0.1186,0.0857
J29,f,-0.2165,-0.0023,16,0.0997,-0.2857,0.0832,0.0857
J43,A,0.1029,0.8386,20,0.0937,0.0340,0.9059,0.0812
J43,B,0.3331,0.7844,20,0.0937,0.2575,0.8516,0.0812
J43,C,0.5227,0.6692,20,0.0937,0.4691,0.7433,0.0812
J43,D,0.6921,0.5134,20,0.0937,0.6588,0.5943,0.0812
J43,E,0.7937,0.3237,20,0.0937,0.7739,0.4046,0.0812
J43,F,0.8614,0.1070,20,0.0937,0.8789,0.1925,0.0812
J43,G,0.8614,-0.1166,20,0.0937,0.8789,-0.2322,0.0812
J43,H,0.7937,-0.3401,20,0.0937,0.8061,-0.4541,0.0812
J43,J,0.6853,-0.5230,20,0.0937,0.6706,-0.6455,0.0812
J43,K,0.5295,-0.6653,20,0.0937,0.4895,-0.7877,0.0812
J43,L,0.3331,-0.7872,20,0.0937,0.2880,-0.8842,0.0812
J43,M,-0.0035,-0.8516,20,0.0937,0.0645,-0.9350,0.0812
J43,N,-0.3340,-0.7906,20,0.0937,-0.2758,-0.8842,0.0812
J43,P,-0.5304,-0.6687,20,0.0937,-0.4790,-0.7805,0.0812
J43,R,-0.6862,-0.5264,20,0.0936,-0.6636,-0.6427,0.0812
J43,S,-0.7946,-0.3435,20,0.0937,-0.8007,-0.4584,0.0812
J43,T,-0.8623,-0.1199,20,0.0937,-0.8939,-0.2399,0.0812
J43,U,-0.8623,0.1036,20,0.0937,-0.8939,0.1811,0.0812
J43,V,-0.7946,0.3204,20,0.0937,-0.8143,0.4046,0.0812
J43,W,-0.6929,0.5100,20,0.0937,-0.6788,0.5875,0.0812
J43,X,-0.5236,0.6658,20,0.0937,-0.4875,0.7569,0.0812
J43,Y,-0.3340,0.7810,20,0.0937,-0.2842,0.8450,0.0812
J43,Z,-0.1037,0.8352,20,0.0937,-0.0411,0.7390,0.0812
J43,a,0.2722,0.5450,16,0.1217,0.3727,0.5870,0.0812
J43,b,0.4076,0.2645,16,0.1216,0.4896,0.3109,0.0812
J43,c,0.5498,-0.0057,16,0.1217,0.6283,0.0544,0.0812
J43,d,0.5498,-0.2834,16,0.1216,0.6369,-0.2311,0.0812
J43,e,0.2789,-0.5591,16,0.1216,0.3778,-0.5308,0.0812
J43,f,-0.0035,-0.5591,16,0.1216,-0.0861,-0.6205,0.0812
J43,g,-0.2799,-0.5591,16,0.1216,-0.3790,-0.5155,0.0812
J43,h,-0.5507,-0.2834,16,0.1216,-0.6483,-0.2327,0.0812
J43,k,-0.5507,-0.0057,16,0.1216,-0.6432,0.0722,0.0812
J43,m,-0.4085,0.2645,16,0.1216,-0.5399,0.3025,0.0812
J43,n,-0.2730,0.5450,16,0.1216,-0.3740,0.5564,0.0812
J43,p,-0.0035,0.5451,16,0.1216,0.0713,0.6191,0.0812
J43,q,0.1367,0.2645,16,0.1216,0.2084,0.1941,0.0812
J43,r,0.2789,-0.0057,16,0.1217,0.3575,-0.0837,0.0812
J43,s,0.2789,-0.2834,16,0.1216,0.3523,-0.3546,0.0812
J43,t,-0.0035,-0.2834,16,0.1216,0.0883,-0.3682,0.0812
J43,u,-0.2799,-0.2834,16,0.1217,-0.2013,-0.3682,0.0812
J43,v,-0.2799,-0.0057,16,0.1216,-0.3622,-0.0972,0.0812
J43,w,-0.1376,0.2645,16,0.1216,-0.2386,0.1805,0.0812
J43,x,-0.0035,-0.0057,16,0.1217,0.0848,-0.0904,0.0812
J61,A,0.3072,0.7840,20,0.0804,0.3682,0.8459,0.0889
J61,B,0.4920,0.6820,20,0.0810,0.5510,0.7501,0.0889
J61,C,0.6474,0.5378,20,0.0808,0.7028,0.6084,0.0889
J61,D,0.7606,0.3605,20,0.0809,0.8159,0.4230,0.0889
J61,E,0.8265,0.1582,20,0.0809,0.8856,0.2265,0.0889
J61,F,0.8402,-0.0474,20,0.0809,0.9005,0.0324,0.0889
J61,G,0.8010,-0.2576,20,0.0800,0.8657,-0.3208,0.0889
J61,H,0.7223,-0.4506,20,0.0813,0.7985,-0.4098,0.0889
J61,J,0.5765,-0.6133,20,0.0808,0.6431,-0.5571,0.0889
J61,K,0.4061,-0.7377,20,0.0808,0.4751,-0.7786,0.0889
J61,L,0.2096,-0.8143,20,0.0809,0.2799,-0.8781,0.0889
J61,M,-0.0006,-0.8428,20,0.0809,0.0609,-0.8980,0.0889
J61,N,-0.2108,-0.8144,20,0.0809,-0.1493,-0.8831,0.0889
J61,P,-0.4067,-0.7375,20,0.0799,-0.4802,-0.7761,0.0889
J61,R,-0.5778,-0.6133,20,0.0809,-0.6406,-0.6654,0.0889
J61,S,-0.7121,-0.4505,20,0.0809,-0.7986,-0.4713,0.0889
J61,T,-0.8017,-0.2577,20,0.0809,-0.8770,-0.3022,0.0889
J61,U,-0.8415,-0.0474,20,0.0809,-0.9031,-0.0994,0.0889
J61,V,-0.8265,0.1582,20,0.0809,-0.8919,0.2090,0.0889
J61,W,-0.7612,0.3604,20,0.0800,-0.8210,0.4192,0.0889
J61,X,-0.6480,0.5378,20,0.0802,-0.6966,0.6070,0.0889
J61,Y,-0.4931,0.6820,20,0.0810,-0.5424,0.7339,0.0889
J61,Z,-0.3079,0.7841,20,0.0809,-0.3707,0.8284,0.0889
J61,a,-0.1070,0.7119,20,0.0802,-0.0548,0.7836,0.0889
J61,b,0.1063,0.7119,20,0.0809,0.1480,0.7873,0.0889
J61,c,0.2711,0.5691,20,0.0799,0.3320,0.6256,0.0889
J61,d,0.4465,0.4435,20,0.0801,0.4863,0.5236,0.0889
J61,e,0.5678,0.2742,20,0.0808,0.5983,0.3557,0.0889
J61,f,0.6257,0.0720,20,0.0801,0.6704,0.1479,0.0889
J61,g,0.6145,-0.1382,20,0.0802,0.6704,-0.0623,0.0889
J61,h,0.5342,-0.3343,20,0.0808,0.5983,-0.2763,0.0889
J61,i,0.3937,-0.4928,20,0.0809,0.4602,-0.4293,0.0889
J61,j,0.2083,-0.5948,20,0.0808,0.2687,-0.5163,0.0889
J61,k,-0.0006,-0.6308,20,0.0808,0.0585,-0.5573,0.0889
J61,m,-0.2090,-0.5948,20,0.0802,-0.1442,-0.5349,0.0889
J61,n,-0.3937,-0.4928,20,0.0808,-0.3283,-0.4254,0.0889
J61,p,-0.5355,-0.3343,20,0.0809,-0.4639,-0.2613,0.0889
J61,q,-0.6151,-0.1383,20,0.0809,-0.5621,-0.0585,0.0889
J61,r,-0.6263,0.0720,20,0.0809,-0.5696,0.1443,0.0889
J61,s,-0.5678,0.2742,20,0.0809,-0.4938,0.3284,0.0889
J61,t,-0.4472,0.4436,20,0.0808,-0.4005,0.5125,0.0889
J61,u,-0.2718,0.5692,20,0.0808,-0.2164,0.6369,0.0889
J61,v,-0.0006,0.5298,20,0.0808,0.0548,0.5996,0.0889
J61,w,0.2307,0.3495,20,0.0809,0.2985,0.4117,0.0889
J61,x,0.3713,0.1911,20,0.0809,0.4341,0.2575,0.0889
J61,y,0.4185,-0.0160,20,0.0809,0.4789,0.0510,0.0889
J61,z,0.3576,-0.2184,20,0.0808,0.4291,-0.1630,0.0889
J61,AA,0.2053,-0.3657,20,0.0802,0.2070,-0.2799,0.0889
J61,BB,-0.0006,-0.4191,20,0.0808,0.0080,-0.3359,0.0889
J61,CC,-0.2059,-0.3657,20,0.0809,-0.1910,-0.2873,0.0889
J61,DD,-0.3576,-0.2184,20,0.0808,-0.3490,-0.1406,0.0889
J61,EE,-0.4192,-0.0160,20,0.0801,-0.4049,0.0659,0.0889
J61,FF,-0.3719,0.1911,20,0.0801,-0.3514,0.2761,0.0889
J61,GG,-0.2307,0.3493,20,0.0809,-0.2246,0.4341,0.0889
J61,HH,-0.0006,0.3134,20,0.0808,0.0005,0.3967,0.0889
J61,JJ,0.1648,0.1473,20,0.0809,0.1622,0.2313,0.0889
J61,KK,0.2115,-0.0646,20,0.0799,0.2219,0.0210,0.0889
J61,LL,-0.0006,-0.2074,20,0.0808,0.0080,-0.1220,0.0889
J61,MM,-0.2121,-0.0646,20,0.0808,-0.2135,0.0098,0.0889
J61,NN,-0.1648,0.1472,20,0.0808,-0.1649,0.2238,0.0889
J61,PP,-0.0006,-0.0001,20,0.0808,0.0005,0.0771,0.0889
