P/N,Type,Description,CAGE,AWG,OD,AWG Min,AWG Max,Dia Min,Dia Max,Contact P/N,Contacts,Color,Notes
M22759/16-24-0,wire,"WIRE, ETFE, TIN-COATED COPPER, 600 V, 150 C, 24 AWG, BLK",,24,0.046,,,,,,,BLK,M22759/16. OD approx. nominal. SAMPLE DATA - VERIFY AGAINST CURRENT SPEC SHEET
M22759/16-24-1,wire,"WIRE, ETFE, TIN-COATED COPPER, 600 V, 150 C, 24 AWG, BRN",,24,0.046,,,,,,,BRN,M22759/16. OD approx. nominal. SAMPLE DATA - VERIFY AGAINST CURRENT SPEC SHEET
M22759/16-24-2,wire,"WIRE, ETFE, TIN-COATED COPPER, 600 V, 150 C, 24 AWG, RED",,24,0.046,,,,,,,RED,M22759/16. OD approx. nominal. SAMPLE DATA - VERIFY AGAINST CURRENT SPEC SHEET
M22759/16-24-3,wire,"WIRE, ETFE, TIN-COATED COPPER, 600 V, 150 C, 24 AWG, ORN",,24,0.046,,,,,,,ORN,M22759/16. OD approx. nominal. SAMPLE DATA - VERIFY AGAINST CURRENT SPEC SHEET
M22759/16-24-4,wire,"WIRE, ETFE, TIN-COATED COPPER, 600 V, 150 C, 24 AWG, YEL",,24,0.046,,,,,,,YEL,M22759/16. OD approx. nominal. SAMPLE DATA - VERIFY AGAINST CURRENT SPEC SHEET
M22759/16-24-5,wire,"WIRE, ETFE, TIN-COATED COPPER, 600 V, 150 C, 24 AWG, GRN",,24,0.046,,,,,,,GRN,M22759/16. OD approx. nominal. SAMPLE DATA - VERIFY AGAINST CURRENT SPEC SHEET
M22759/16-24-6,wire,"WIRE, ETFE, TIN-COATED COPPER, 600 V, 150 C, 24 AWG, BLU",,24,0.046,,,,,,,BLU,M22759/16. OD approx. nominal. SAMPLE DATA - VERIFY AGAINST CURRENT SPEC SHEET
M22759/16-24-7,wire,"WIRE, ETFE, TIN-COATED COPPER, 600 V, 150 C, 24 AWG, VIO",,24,0.046,,,,,,,VIO,M22759/16. OD approx. nominal. SAMPLE DATA - VERIFY AGAINST CURRENT SPEC SHEET
M22759/16-24-8,wire,"WIRE, ETFE, TIN-COATED COPPER, 600 V, 150 C, 24 AWG, GRY",,24,0.046,,,,,,,GRY,M22759/16. OD approx. nominal. SAMPLE DATA - VERIFY AGAINST CURRENT SPEC SHEET
M22759/16-24-9,wire,"WIRE, ETFE, TIN-COATED COPPER, 600 V, 150 C, 24 AWG, WHT",,24,0.046,,,,,,,WHT,M22759/16. OD approx. nominal. SAMPLE DATA - VERIFY AGAINST CURRENT SPEC SHEET
M22759/16-22-0,wire,"WIRE, ETFE, TIN-COATED COPPER, 600 V, 150 C, 22 AWG, BLK",,22,0.052,,,,,,,BLK,M22759/16. OD approx. nominal. SAMPLE DATA - VERIFY AGAINST CURRENT SPEC SHEET
M22759/16-22-1,wire,"WIRE, ETFE, TIN-COATED COPPER, 600 V, 150 C, 22 AWG, BRN",,22,0.052,,,,,,,BRN,M22759/16. OD approx. nominal. SAMPLE DATA - VERIFY AGAINST CURRENT SPEC SHEET
M22759/16-22-2,wire,"WIRE, ETFE, TIN-COATED COPPER, 600 V, 150 C, 22 AWG, RED",,22,0.052,,,,,,,RED,M22759/16. OD approx. nominal. SAMPLE DATA - VERIFY AGAINST CURRENT SPEC SHEET
M22759/16-22-3,wire,"WIRE, ETFE, TIN-COATED COPPER, 600 V, 150 C, 22 AWG, ORN",,22,0.052,,,,,,,ORN,M22759/16. OD approx. nominal. SAMPLE DATA - VERIFY AGAINST CURRENT SPEC SHEET
M22759/16-22-4,wire,"WIRE, ETFE, TIN-COATED COPPER, 600 V, 150 C, 22 AWG, YEL",,22,0.052,,,,,,,YEL,M22759/16. OD approx. nominal. SAMPLE DATA - VERIFY AGAINST CURRENT SPEC SHEET
M22759/16-22-5,wire,"WIRE, ETFE, TIN-COATED COPPER, 600 V, 150 C, 22 AWG, GRN",,22,0.052,,,,,,,GRN,M22759/16. OD approx. nominal. SAMPLE DATA - VERIFY AGAINST CURRENT SPEC SHEET
M22759/16-22-6,wire,"WIRE, ETFE, TIN-COATED COPPER, 600 V, 150 C, 22 AWG, BLU",,22,0.052,,,,,,,BLU,M22759/16. OD approx. nominal. SAMPLE DATA - VERIFY AGAINST CURRENT SPEC SHEET
M22759/16-22-7,wire,"WIRE, ETFE, TIN-COATED COPPER, 600 V, 150 C, 22 AWG, VIO",,22,0.052,,,,,,,VIO,M22759/16. OD approx. nominal. SAMPLE DATA - VERIFY AGAINST CURRENT SPEC SHEET
M22759/16-22-8,wire,"WIRE, ETFE, TIN-COATED COPPER, 600 V, 150 C, 22 AWG, GRY",,22,0.052,,,,,,,GRY,M22759/16. OD approx. nominal. SAMPLE DATA - VERIFY AGAINST CURRENT SPEC SHEET
M22759/16-22-9,wire,"WIRE, ETFE, TIN-COATED COPPER, 600 V, 150 C, 22 AWG, WHT",,22,0.052,,,,,,,WHT,M22759/16. OD approx. nominal. SAMPLE DATA - VERIFY AGAINST CURRENT SPEC SHEET
M22759/16-20-0,wire,"WIRE, ETFE, TIN-COATED COPPER, 600 V, 150 C, 20 AWG, BLK",,20,0.062,,,,,,,BLK,M22759/16. OD approx. nominal. SAMPLE DATA - VERIFY AGAINST CURRENT SPEC SHEET
M22759/16-20-1,wire,"WIRE, ETFE, TIN-COATED COPPER, 600 V, 150 C, 20 AWG, BRN",,20,0.062,,,,,,,BRN,M22759/16. OD approx. nominal. SAMPLE DATA - VERIFY AGAINST CURRENT SPEC SHEET
M22759/16-20-2,wire,"WIRE, ETFE, TIN-COATED COPPER, 600 V, 150 C, 20 AWG, RED",,20,0.062,,,,,,,RED,M22759/16. OD approx. nominal. SAMPLE DATA - VERIFY AGAINST CURRENT SPEC SHEET
M22759/16-20-3,wire,"WIRE, ETFE, TIN-COATED COPPER, 600 V, 150 C, 20 AWG, ORN",,20,0.062,,,,,,,ORN,M22759/16. OD approx. nominal. SAMPLE DATA - VERIFY AGAINST CURRENT SPEC SHEET
M22759/16-20-4,wire,"WIRE, ETFE, TIN-COATED COPPER, 600 V, 150 C, 20 AWG, YEL",,20,0.062,,,,,,,YEL,M22759/16. OD approx. nominal. SAMPLE DATA - VERIFY AGAINST CURRENT SPEC SHEET
M22759/16-20-5,wire,"WIRE, ETFE, TIN-COATED COPPER, 600 V, 150 C, 20 AWG, GRN",,20,0.062,,,,,,,GRN,M22759/16. OD approx. nominal. SAMPLE DATA - VERIFY AGAINST CURRENT SPEC SHEET
M22759/16-20-6,wire,"WIRE, ETFE, TIN-COATED COPPER, 600 V, 150 C, 20 AWG, BLU",,20,0.062,,,,,,,BLU,M22759/16. OD approx. nominal. SAMPLE DATA - VERIFY AGAINST CURRENT SPEC SHEET
M22759/16-20-7,wire,"WIRE, ETFE, TIN-COATED COPPER, 600 V, 150 C, 20 AWG, VIO",,20,0.062,,,,,,,VIO,M22759/16. OD approx. nominal. SAMPLE DATA - VERIFY AGAINST CURRENT SPEC SHEET
M22759/16-20-8,wire,"WIRE, ETFE, TIN-COATED COPPER, 600 V, 150 C, 20 AWG, GRY",,20,0.062,,,,,,,GRY,M22759/16. OD approx. nominal. SAMPLE DATA - VERIFY AGAINST CURRENT SPEC SHEET
M22759/16-20-9,wire,"WIRE, ETFE, TIN-COATED COPPER, 600 V, 150 C, 20 AWG, WHT",,20,0.062,,,,,,,WHT,M22759/16. OD approx. nominal. SAMPLE DATA - VERIFY AGAINST CURRENT SPEC SHEET
M22759/16-18-0,wire,"WIRE, ETFE, TIN-COATED COPPER, 600 V, 150 C, 18 AWG, BLK",,18,0.071,,,,,,,BLK,M22759/16. OD approx. nominal. SAMPLE DATA - VERIFY AGAINST CURRENT SPEC SHEET
M22759/16-18-1,wire,"WIRE, ETFE, TIN-COATED COPPER, 600 V, 150 C, 18 AWG, BRN",,18,0.071,,,,,,,BRN,M22759/16. OD approx. nominal. SAMPLE DATA - VERIFY AGAINST CURRENT SPEC SHEET
M22759/16-18-2,wire,"WIRE, ETFE, TIN-COATED COPPER, 600 V, 150 C, 18 AWG, RED",,18,0.071,,,,,,,RED,M22759/16. OD approx. nominal. SAMPLE DATA - VERIFY AGAINST CURRENT SPEC SHEET
M22759/16-18-3,wire,"WIRE, ETFE, TIN-COATED COPPER, 600 V, 150 C, 18 AWG, ORN",,18,0.071,,,,,,,ORN,M22759/16. OD approx. nominal. SAMPLE DATA - VERIFY AGAINST CURRENT SPEC SHEET
M22759/16-18-4,wire,"WIRE, ETFE, TIN-COATED COPPER, 600 V, 150 C, 18 AWG, YEL",,18,0.071,,,,,,,YEL,M22759/16. OD approx. nominal. SAMPLE DATA - VERIFY AGAINST CURRENT SPEC SHEET
M22759/16-18-5,wire,"WIRE, ETFE, TIN-COATED COPPER, 600 V, 150 C, 18 AWG, GRN",,18,0.071,,,,,,,GRN,M22759/16. OD approx. nominal. SAMPLE DATA - VERIFY AGAINST CURRENT SPEC SHEET
M22759/16-18-6,wire,"WIRE, ETFE, TIN-COATED COPPER, 600 V, 150 C, 18 AWG, BLU",,18,0.071,,,,,,,BLU,M22759/16. OD approx. nominal. SAMPLE DATA - VERIFY AGAINST CURRENT SPEC SHEET
M22759/16-18-7,wire,"WIRE, ETFE, TIN-COATED COPPER, 600 V, 150 C, 18 AWG, VIO",,18,0.071,,,,,,,VIO,M22759/16. OD approx. nominal. SAMPLE DATA - VERIFY AGAINST CURRENT SPEC SHEET
M22759/16-18-8,wire,"WIRE, ETFE, TIN-COATED COPPER, 600 V, 150 C, 18 AWG, GRY",,18,0.071,,,,,,,GRY,M22759/16. OD approx. nominal. SAMPLE DATA - VERIFY AGAINST CURRENT SPEC SHEET
M22759/16-18-9,wire,"WIRE, ETFE, TIN-COATED COPPER, 600 V, 150 C, 18 AWG, WHT",,18,0.071,,,,,,,WHT,M22759/16. OD approx. nominal. SAMPLE DATA - VERIFY AGAINST CURRENT SPEC SHEET
M22759/16-16-0,wire,"WIRE, ETFE, TIN-COATED COPPER, 600 V, 150 C, 16 AWG, BLK",,16,0.081,,,,,,,BLK,M22759/16. OD approx. nominal. SAMPLE DATA - VERIFY AGAINST CURRENT SPEC SHEET
M22759/16-16-1,wire,"WIRE, ETFE, TIN-COATED COPPER, 600 V, 150 C, 16 AWG, BRN",,16,0.081,,,,,,,BRN,M22759/16. OD approx. nominal. SAMPLE DATA - VERIFY AGAINST CURRENT SPEC SHEET
M22759/16-16-2,wire,"WIRE, ETFE, TIN-COATED COPPER, 600 V, 150 C, 16 AWG, RED",,16,0.081,,,,,,,RED,M22759/16. OD approx. nominal. SAMPLE DATA - VERIFY AGAINST CURRENT SPEC SHEET
M22759/16-16-3,wire,"WIRE, ETFE, TIN-COATED COPPER, 600 V, 150 C, 16 AWG, ORN",,16,0.081,,,,,,,ORN,M22759/16. OD approx. nominal. SAMPLE DATA - VERIFY AGAINST CURRENT SPEC SHEET
M22759/16-16-4,wire,"WIRE, ETFE, TIN-COATED COPPER, 600 V, 150 C, 16 AWG, YEL",,16,0.081,,,,,,,YEL,M22759/16. OD approx. nominal. SAMPLE DATA - VERIFY AGAINST CURRENT SPEC SHEET
M22759/16-16-5,wire,"WIRE, ETFE, TIN-COATED COPPER, 600 V, 150 C, 16 AWG, GRN",,16,0.081,,,,,,,GRN,M22759/16. OD approx. nominal. SAMPLE DATA - VERIFY AGAINST CURRENT SPEC SHEET
M22759/16-16-6,wire,"WIRE, ETFE, TIN-COATED COPPER, 600 V, 150 C, 16 AWG, BLU",,16,0.081,,,,,,,BLU,M22759/16. OD approx. nominal. SAMPLE DATA - VERIFY AGAINST CURRENT SPEC SHEET
M22759/16-16-7,wire,"WIRE, ETFE, TIN-COATED COPPER, 600 V, 150 C, 16 AWG, VIO",,16,0.081,,,,,,,VIO,M22759/16. OD approx. nominal. SAMPLE DATA - VERIFY AGAINST CURRENT SPEC SHEET
M22759/16-16-8,wire,"WIRE, ETFE, TIN-COATED COPPER, 600 V, 150 C, 16 AWG, GRY",,16,0.081,,,,,,,GRY,M22759/16. OD approx. nominal. SAMPLE DATA - VERIFY AGAINST CURRENT SPEC SHEET
M22759/16-16-9,wire,"WIRE, ETFE, TIN-COATED COPPER, 600 V, 150 C, 16 AWG, WHT",,16,0.081,,,,,,,WHT,M22759/16. OD approx. nominal. SAMPLE DATA - VERIFY AGAINST CURRENT SPEC SHEET
M22759/16-14-0,wire,"WIRE, ETFE, TIN-COATED COPPER, 600 V, 150 C, 14 AWG, BLK",,14,0.099,,,,,,,BLK,M22759/16. OD approx. nominal. SAMPLE DATA - VERIFY AGAINST CURRENT SPEC SHEET
M22759/16-14-1,wire,"WIRE, ETFE, TIN-COATED COPPER, 600 V, 150 C, 14 AWG, BRN",,14,0.099,,,,,,,BRN,M22759/16. OD approx. nominal. SAMPLE DATA - VERIFY AGAINST CURRENT SPEC SHEET
M22759/16-14-2,wire,"WIRE, ETFE, TIN-COATED COPPER, 600 V, 150 C, 14 AWG, RED",,14,0.099,,,,,,,RED,M22759/16. OD approx. nominal. SAMPLE DATA - VERIFY AGAINST CURRENT SPEC SHEET
M22759/16-14-3,wire,"WIRE, ETFE, TIN-COATED COPPER, 600 V, 150 C, 14 AWG, ORN",,14,0.099,,,,,,,ORN,M22759/16. OD approx. nominal. SAMPLE DATA - VERIFY AGAINST CURRENT SPEC SHEET
M22759/16-14-4,wire,"WIRE, ETFE, TIN-COATED COPPER, 600 V, 150 C, 14 AWG, YEL",,14,0.099,,,,,,,YEL,M22759/16. OD approx. nominal. SAMPLE DATA - VERIFY AGAINST CURRENT SPEC SHEET
M22759/16-14-5,wire,"WIRE, ETFE, TIN-COATED COPPER, 600 V, 150 C, 14 AWG, GRN",,14,0.099,,,,,,,GRN,M22759/16. OD approx. nominal. SAMPLE DATA - VERIFY AGAINST CURRENT SPEC SHEET
M22759/16-14-6,wire,"WIRE, ETFE, TIN-COATED COPPER, 600 V, 150 C, 14 AWG, BLU",,14,0.099,,,,,,,BLU,M22759/16. OD approx. nominal. SAMPLE DATA - VERIFY AGAINST CURRENT SPEC SHEET
M22759/16-14-7,wire,"WIRE, ETFE, TIN-COATED COPPER, 600 V, 150 C, 14 AWG, VIO",,14,0.099,,,,,,,VIO,M22759/16. OD approx. nominal. SAMPLE DATA - VERIFY AGAINST CURRENT SPEC SHEET
M22759/16-14-8,wire,"WIRE, ETFE, TIN-COATED COPPER, 600 V, 150 C, 14 AWG, GRY",,14,0.099,,,,,,,GRY,M22759/16. OD approx. nominal. SAMPLE DATA - VERIFY AGAINST CURRENT SPEC SHEET
M22759/16-14-9,wire,"WIRE, ETFE, TIN-COATED COPPER, 600 V, 150 C, 14 AWG, WHT",,14,0.099,,,,,,,WHT,M22759/16. OD approx. nominal. SAMPLE DATA - VERIFY AGAINST CURRENT SPEC SHEET
M22759/16-12-0,wire,"WIRE, ETFE, TIN-COATED COPPER, 600 V, 150 C, 12 AWG, BLK",,12,0.12,,,,,,,BLK,M22759/16. OD approx. nominal. SAMPLE DATA - VERIFY AGAINST CURRENT SPEC SHEET
M22759/16-12-1,wire,"WIRE, ETFE, TIN-COATED COPPER, 600 V, 150 C, 12 AWG, BRN",,12,0.12,,,,,,,BRN,M22759/16. OD approx. nominal. SAMPLE DATA - VERIFY AGAINST CURRENT SPEC SHEET
M22759/16-12-2,wire,"WIRE, ETFE, TIN-COATED COPPER, 600 V, 150 C, 12 AWG, RED",,12,0.12,,,,,,,RED,M22759/16. OD approx. nominal. SAMPLE DATA - VERIFY AGAINST CURRENT SPEC SHEET
M22759/16-12-3,wire,"WIRE, ETFE, TIN-COATED COPPER, 600 V, 150 C, 12 AWG, ORN",,12,0.12,,,,,,,ORN,M22759/16. OD approx. nominal. SAMPLE DATA - VERIFY AGAINST CURRENT SPEC SHEET
M22759/16-12-4,wire,"WIRE, ETFE, TIN-COATED COPPER, 600 V, 150 C, 12 AWG, YEL",,12,0.12,,,,,,,YEL,M22759/16. OD approx. nominal. SAMPLE DATA - VERIFY AGAINST CURRENT SPEC SHEET
M22759/16-12-5,wire,"WIRE, ETFE, TIN-COATED COPPER, 600 V, 150 C, 12 AWG, GRN",,12,0.12,,,,,,,GRN,M22759/16. OD approx. nominal. SAMPLE DATA - VERIFY AGAINST CURRENT SPEC SHEET
M22759/16-12-6,wire,"WIRE, ETFE, TIN-COATED COPPER, 600 V, 150 C, 12 AWG, BLU",,12,0.12,,,,,,,BLU,M22759/16. OD approx. nominal. SAMPLE DATA - VERIFY AGAINST CURRENT SPEC SHEET
M22759/16-12-7,wire,"WIRE, ETFE, TIN-COATED COPPER, 600 V, 150 C, 12 AWG, VIO",,12,0.12,,,,,,,VIO,M22759/16. OD approx. nominal. SAMPLE DATA - VERIFY AGAINST CURRENT SPEC SHEET
M22759/16-12-8,wire,"WIRE, ETFE, TIN-COATED COPPER, 600 V, 150 C, 12 AWG, GRY",,12,0.12,,,,,,,GRY,M22759/16. OD approx. nominal. SAMPLE DATA - VERIFY AGAINST CURRENT SPEC SHEET
M22759/16-12-9,wire,"WIRE, ETFE, TIN-COATED COPPER, 600 V, 150 C, 12 AWG, WHT",,12,0.12,,,,,,,WHT,M22759/16. OD approx. nominal. SAMPLE DATA - VERIFY AGAINST CURRENT SPEC SHEET
M22759/16-10-0,wire,"WIRE, ETFE, TIN-COATED COPPER, 600 V, 150 C, 10 AWG, BLK",,10,0.153,,,,,,,BLK,M22759/16. OD approx. nominal. SAMPLE DATA - VERIFY AGAINST CURRENT SPEC SHEET
M22759/16-10-1,wire,"WIRE, ETFE, TIN-COATED COPPER, 600 V, 150 C, 10 AWG, BRN",,10,0.153,,,,,,,BRN,M22759/16. OD approx. nominal. SAMPLE DATA - VERIFY AGAINST CURRENT SPEC SHEET
M22759/16-10-2,wire,"WIRE, ETFE, TIN-COATED COPPER, 600 V, 150 C, 10 AWG, RED",,10,0.153,,,,,,,RED,M22759/16. OD approx. nominal. SAMPLE DATA - VERIFY AGAINST CURRENT SPEC SHEET
M22759/16-10-3,wire,"WIRE, ETFE, TIN-COATED COPPER, 600 V, 150 C, 10 AWG, ORN",,10,0.153,,,,,,,ORN,M22759/16. OD approx. nominal. SAMPLE DATA - VERIFY AGAINST CURRENT SPEC SHEET
M22759/16-10-4,wire,"WIRE, ETFE, TIN-COATED COPPER, 600 V, 150 C, 10 AWG, YEL",,10,0.153,,,,,,,YEL,M22759/16. OD approx. nominal. SAMPLE DATA - VERIFY AGAINST CURRENT SPEC SHEET
M22759/16-10-5,wire,"WIRE, ETFE, TIN-COATED COPPER, 600 V, 150 C, 10 AWG, GRN",,10,0.153,,,,,,,GRN,M22759/16. OD approx. nominal. SAMPLE DATA - VERIFY AGAINST CURRENT SPEC SHEET
M22759/16-10-6,wire,"WIRE, ETFE, TIN-COATED COPPER, 600 V, 150 C, 10 AWG, BLU",,10,0.153,,,,,,,BLU,M22759/16. OD approx. nominal. SAMPLE DATA - VERIFY AGAINST CURRENT SPEC SHEET
M22759/16-10-7,wire,"WIRE, ETFE, TIN-COATED COPPER, 600 V, 150 C, 10 AWG, VIO",,10,0.153,,,,,,,VIO,M22759/16. OD approx. nominal. SAMPLE DATA - VERIFY AGAINST CURRENT SPEC SHEET
M22759/16-10-8,wire,"WIRE, ETFE, TIN-COATED COPPER, 600 V, 150 C, 10 AWG, GRY",,10,0.153,,,,,,,GRY,M22759/16. OD approx. nominal. SAMPLE DATA - VERIFY AGAINST CURRENT SPEC SHEET
M22759/16-10-9,wire,"WIRE, ETFE, TIN-COATED COPPER, 600 V, 150 C, 10 AWG, WHT",,10,0.153,,,,,,,WHT,M22759/16. OD approx. nominal. SAMPLE DATA - VERIFY AGAINST CURRENT SPEC SHEET
M22759/16-8-0,wire,"WIRE, ETFE, TIN-COATED COPPER, 600 V, 150 C, 8 AWG, BLK",,8,0.215,,,,,,,BLK,M22759/16. OD approx. nominal. SAMPLE DATA - VERIFY AGAINST CURRENT SPEC SHEET
M22759/16-8-1,wire,"WIRE, ETFE, TIN-COATED COPPER, 600 V, 150 C, 8 AWG, BRN",,8,0.215,,,,,,,BRN,M22759/16. OD approx. nominal. SAMPLE DATA - VERIFY AGAINST CURRENT SPEC SHEET
M22759/16-8-2,wire,"WIRE, ETFE, TIN-COATED COPPER, 600 V, 150 C, 8 AWG, RED",,8,0.215,,,,,,,RED,M22759/16. OD approx. nominal. SAMPLE DATA - VERIFY AGAINST CURRENT SPEC SHEET
M22759/16-8-3,wire,"WIRE, ETFE, TIN-COATED COPPER, 600 V, 150 C, 8 AWG, ORN",,8,0.215,,,,,,,ORN,M22759/16. OD approx. nominal. SAMPLE DATA - VERIFY AGAINST CURRENT SPEC SHEET
M22759/16-8-4,wire,"WIRE, ETFE, TIN-COATED COPPER, 600 V, 150 C, 8 AWG, YEL",,8,0.215,,,,,,,YEL,M22759/16. OD approx. nominal. SAMPLE DATA - VERIFY AGAINST CURRENT SPEC SHEET
M22759/16-8-5,wire,"WIRE, ETFE, TIN-COATED COPPER, 600 V, 150 C, 8 AWG, GRN",,8,0.215,,,,,,,GRN,M22759/16. OD approx. nominal. SAMPLE DATA - VERIFY AGAINST CURRENT SPEC SHEET
M22759/16-8-6,wire,"WIRE, ETFE, TIN-COATED COPPER, 600 V, 150 C, 8 AWG, BLU",,8,0.215,,,,,,,BLU,M22759/16. OD approx. nominal. SAMPLE DATA - VERIFY AGAINST CURRENT SPEC SHEET
M22759/16-8-7,wire,"WIRE, ETFE, TIN-COATED COPPER, 600 V, 150 C, 8 AWG, VIO",,8,0.215,,,,,,,VIO,M22759/16. OD approx. nominal. SAMPLE DATA - VERIFY AGAINST CURRENT SPEC SHEET
M22759/16-8-8,wire,"WIRE, ETFE, TIN-COATED COPPER, 600 V, 150 C, 8 AWG, GRY",,8,0.215,,,,,,,GRY,M22759/16. OD approx. nominal. SAMPLE DATA - VERIFY AGAINST CURRENT SPEC SHEET
M22759/16-8-9,wire,"WIRE, ETFE, TIN-COATED COPPER, 600 V, 150 C, 8 AWG, WHT",,8,0.215,,,,,,,WHT,M22759/16. OD approx. nominal. SAMPLE DATA - VERIFY AGAINST CURRENT SPEC SHEET
M22759/32-26-0,wire,"WIRE, XL-ETFE, TIN-COATED HS COPPER ALLOY, LIGHT WEIGHT, 600 V, 150 C, 26 AWG, BLK",,26,0.034,,,,,,,BLK,M22759/32. OD approx. nominal. SAMPLE DATA - VERIFY AGAINST CURRENT SPEC SHEET
M22759/32-26-1,wire,"WIRE, XL-ETFE, TIN-COATED HS COPPER ALLOY, LIGHT WEIGHT, 600 V, 150 C, 26 AWG, BRN",,26,0.034,,,,,,,BRN,M22759/32. OD approx. nominal. SAMPLE DATA - VERIFY AGAINST CURRENT SPEC SHEET
M22759/32-26-2,wire,"WIRE, XL-ETFE, TIN-COATED HS COPPER ALLOY, LIGHT WEIGHT, 600 V, 150 C, 26 AWG, RED",,26,0.034,,,,,,,RED,M22759/32. OD approx. nominal. SAMPLE DATA - VERIFY AGAINST CURRENT SPEC SHEET
M22759/32-26-3,wire,"WIRE, XL-ETFE, TIN-COATED HS COPPER ALLOY, LIGHT WEIGHT, 600 V, 150 C, 26 AWG, ORN",,26,0.034,,,,,,,ORN,M22759/32. OD approx. nominal. SAMPLE DATA - VERIFY AGAINST CURRENT SPEC SHEET
M22759/32-26-4,wire,"WIRE, XL-ETFE, TIN-COATED HS COPPER ALLOY, LIGHT WEIGHT, 600 V, 150 C, 26 AWG, YEL",,26,0.034,,,,,,,YEL,M22759/32. OD approx. nominal. SAMPLE DATA - VERIFY AGAINST CURRENT SPEC SHEET
M22759/32-26-5,wire,"WIRE, XL-ETFE, TIN-COATED HS COPPER ALLOY, LIGHT WEIGHT, 600 V, 150 C, 26 AWG, GRN",,26,0.034,,,,,,,GRN,M22759/32. OD approx. nominal. SAMPLE DATA - VERIFY AGAINST CURRENT SPEC SHEET
M22759/32-26-6,wire,"WIRE, XL-ETFE, TIN-COATED HS COPPER ALLOY, LIGHT WEIGHT, 600 V, 150 C, 26 AWG, BLU",,26,0.034,,,,,,,BLU,M22759/32. OD approx. nominal. SAMPLE DATA - VERIFY AGAINST CURRENT SPEC SHEET
M22759/32-26-7,wire,"WIRE, XL-ETFE, TIN-COATED HS COPPER ALLOY, LIGHT WEIGHT, 600 V, 150 C, 26 AWG, VIO",,26,0.034,,,,,,,VIO,M22759/32. OD approx. nominal. SAMPLE DATA - VERIFY AGAINST CURRENT SPEC SHEET
M22759/32-26-8,wire,"WIRE, XL-ETFE, TIN-COATED HS COPPER ALLOY, LIGHT WEIGHT, 600 V, 150 C, 26 AWG, GRY",,26,0.034,,,,,,,GRY,M22759/32. OD approx. nominal. SAMPLE DATA - VERIFY AGAINST CURRENT SPEC SHEET
M22759/32-26-9,wire,"WIRE, XL-ETFE, TIN-COATED HS COPPER ALLOY, LIGHT WEIGHT, 600 V, 150 C, 26 AWG, WHT",,26,0.034,,,,,,,WHT,M22759/32. OD approx. nominal. SAMPLE DATA - VERIFY AGAINST CURRENT SPEC SHEET
M22759/32-24-0,wire,"WIRE, XL-ETFE, TIN-COATED HS COPPER ALLOY, LIGHT WEIGHT, 600 V, 150 C, 24 AWG, BLK",,24,0.04,,,,,,,BLK,M22759/32. OD approx. nominal. SAMPLE DATA - VERIFY AGAINST CURRENT SPEC SHEET
M22759/32-24-1,wire,"WIRE, XL-ETFE, TIN-COATED HS COPPER ALLOY, LIGHT WEIGHT, 600 V, 150 C, 24 AWG, BRN",,24,0.04,,,,,,,BRN,M22759/32. OD approx. nominal. SAMPLE DATA - VERIFY AGAINST CURRENT SPEC SHEET
M22759/32-24-2,wire,"WIRE, XL-ETFE, TIN-COATED HS COPPER ALLOY, LIGHT WEIGHT, 600 V, 150 C, 24 AWG, RED",,24,0.04,,,,,,,RED,M22759/32. OD approx. nominal. SAMPLE DATA - VERIFY AGAINST CURRENT SPEC SHEET
M22759/32-24-3,wire,"WIRE, XL-ETFE, TIN-COATED HS COPPER ALLOY, LIGHT WEIGHT, 600 V, 150 C, 24 AWG, ORN",,24,0.04,,,,,,,ORN,M22759/32. OD approx. nominal. SAMPLE DATA - VERIFY AGAINST CURRENT SPEC SHEET
M22759/32-24-4,wire,"WIRE, XL-ETFE, TIN-COATED HS COPPER ALLOY, LIGHT WEIGHT, 600 V, 150 C, 24 AWG, YEL",,24,0.04,,,,,,,YEL,M22759/32. OD approx. nominal. SAMPLE DATA - VERIFY AGAINST CURRENT SPEC SHEET
M22759/32-24-5,wire,"WIRE, XL-ETFE, TIN-COATED HS COPPER ALLOY, LIGHT WEIGHT, 600 V, 150 C, 24 AWG, GRN",,24,0.04,,,,,,,GRN,M22759/32. OD approx. nominal. SAMPLE DATA - VERIFY AGAINST CURRENT SPEC SHEET
M22759/32-24-6,wire,"WIRE, XL-ETFE, TIN-COATED HS COPPER ALLOY, LIGHT WEIGHT, 600 V, 150 C, 24 AWG, BLU",,24,0.04,,,,,,,BLU,M22759/32. OD approx. nominal. SAMPLE DATA - VERIFY AGAINST CURRENT SPEC SHEET
M22759/32-24-7,wire,"WIRE, XL-ETFE, TIN-COATED HS COPPER ALLOY, LIGHT WEIGHT, 600 V, 150 C, 24 AWG, VIO",,24,0.04,,,,,,,VIO,M22759/32. OD approx. nominal. SAMPLE DATA - VERIFY AGAINST CURRENT SPEC SHEET
M22759/32-24-8,wire,"WIRE, XL-ETFE, TIN-COATED HS COPPER ALLOY, LIGHT WEIGHT, 600 V, 150 C, 24 AWG, GRY",,24,0.04,,,,,,,GRY,M22759/32. OD approx. nominal. SAMPLE DATA - VERIFY AGAINST CURRENT SPEC SHEET
M22759/32-24-9,wire,"WIRE, XL-ETFE, TIN-COATED HS COPPER ALLOY, LIGHT WEIGHT, 600 V, 150 C, 24 AWG, WHT",,24,0.04,,,,,,,WHT,M22759/32. OD approx. nominal. SAMPLE DATA - VERIFY AGAINST CURRENT SPEC SHEET
M22759/32-22-0,wire,"WIRE, XL-ETFE, TIN-COATED HS COPPER ALLOY, LIGHT WEIGHT, 600 V, 150 C, 22 AWG, BLK",,22,0.046,,,,,,,BLK,M22759/32. OD approx. nominal. SAMPLE DATA - VERIFY AGAINST CURRENT SPEC SHEET
M22759/32-22-1,wire,"WIRE, XL-ETFE, TIN-COATED HS COPPER ALLOY, LIGHT WEIGHT, 600 V, 150 C, 22 AWG, BRN",,22,0.046,,,,,,,BRN,M22759/32. OD approx. nominal. SAMPLE DATA - VERIFY AGAINST CURRENT SPEC SHEET
M22759/32-22-2,wire,"WIRE, XL-ETFE, TIN-COATED HS COPPER ALLOY, LIGHT WEIGHT, 600 V, 150 C, 22 AWG, RED",,22,0.046,,,,,,,RED,M22759/32. OD approx. nominal. SAMPLE DATA - VERIFY AGAINST CURRENT SPEC SHEET
M22759/32-22-3,wire,"WIRE, XL-ETFE, TIN-COATED HS COPPER ALLOY, LIGHT WEIGHT, 600 V, 150 C, 22 AWG, ORN",,22,0.046,,,,,,,ORN,M22759/32. OD approx. nominal. SAMPLE DATA - VERIFY AGAINST CURRENT SPEC SHEET
M22759/32-22-4,wire,"WIRE, XL-ETFE, TIN-COATED HS COPPER ALLOY, LIGHT WEIGHT, 600 V, 150 C, 22 AWG, YEL",,22,0.046,,,,,,,YEL,M22759/32. OD approx. nominal. SAMPLE DATA - VERIFY AGAINST CURRENT SPEC SHEET
M22759/32-22-5,wire,"WIRE, XL-ETFE, TIN-COATED HS COPPER ALLOY, LIGHT WEIGHT, 600 V, 150 C, 22 AWG, GRN",,22,0.046,,,,,,,GRN,M22759/32. OD approx. nominal. SAMPLE DATA - VERIFY AGAINST CURRENT SPEC SHEET
M22759/32-22-6,wire,"WIRE, XL-ETFE, TIN-COATED HS COPPER ALLOY, LIGHT WEIGHT, 600 V, 150 C, 22 AWG, BLU",,22,0.046,,,,,,,BLU,M22759/32. OD approx. nominal. SAMPLE DATA - VERIFY AGAINST CURRENT SPEC SHEET
M22759/32-22-7,wire,"WIRE, XL-ETFE, TIN-COATED HS COPPER ALLOY, LIGHT WEIGHT, 600 V, 150 C, 22 AWG, VIO",,22,0.046,,,,,,,VIO,M22759/32. OD approx. nominal. SAMPLE DATA - VERIFY AGAINST CURRENT SPEC SHEET
M22759/32-22-8,wire,"WIRE, XL-ETFE, TIN-COATED HS COPPER ALLOY, LIGHT WEIGHT, 600 V, 150 C, 22 AWG, GRY",,22,0.046,,,,,,,GRY,M22759/32. OD approx. nominal. SAMPLE DATA - VERIFY AGAINST CURRENT SPEC SHEET
M22759/32-22-9,wire,"WIRE, XL-ETFE, TIN-COATED HS COPPER ALLOY, LIGHT WEIGHT, 600 V, 150 C, 22 AWG, WHT",,22,0.046,,,,,,,WHT,M22759/32. OD approx. nominal. SAMPLE DATA - VERIFY AGAINST CURRENT SPEC SHEET
M22759/32-20-0,wire,"WIRE, XL-ETFE, TIN-COATED HS COPPER ALLOY, LIGHT WEIGHT, 600 V, 150 C, 20 AWG, BLK",,20,0.054,,,,,,,BLK,M22759/32. OD approx. nominal. SAMPLE DATA - VERIFY AGAINST CURRENT SPEC SHEET
M22759/32-20-1,wire,"WIRE, XL-ETFE, TIN-COATED HS COPPER ALLOY, LIGHT WEIGHT, 600 V, 150 C, 20 AWG, BRN",,20,0.054,,,,,,,BRN,M22759/32. OD approx. nominal. SAMPLE DATA - VERIFY AGAINST CURRENT SPEC SHEET
M22759/32-20-2,wire,"WIRE, XL-ETFE, TIN-COATED HS COPPER ALLOY, LIGHT WEIGHT, 600 V, 150 C, 20 AWG, RED",,20,0.054,,,,,,,RED,M22759/32. OD approx. nominal. SAMPLE DATA - VERIFY AGAINST CURRENT SPEC SHEET
M22759/32-20-3,wire,"WIRE, XL-ETFE, TIN-COATED HS COPPER ALLOY, LIGHT WEIGHT, 600 V, 150 C, 20 AWG, ORN",,20,0.054,,,,,,,ORN,M22759/32. OD approx. nominal. SAMPLE DATA - VERIFY AGAINST CURRENT SPEC SHEET
M22759/32-20-4,wire,"WIRE, XL-ETFE, TIN-COATED HS COPPER ALLOY, LIGHT WEIGHT, 600 V, 150 C, 20 AWG, YEL",,20,0.054,,,,,,,YEL,M22759/32. OD approx. nominal. SAMPLE DATA - VERIFY AGAINST CURRENT SPEC SHEET
M22759/32-20-5,wire,"WIRE, XL-ETFE, TIN-COATED HS COPPER ALLOY, LIGHT WEIGHT, 600 V, 150 C, 20 AWG, GRN",,20,0.054,,,,,,,GRN,M22759/32. OD approx. nominal. SAMPLE DATA - VERIFY AGAINST CURRENT SPEC SHEET
M22759/32-20-6,wire,"WIRE, XL-ETFE, TIN-COATED HS COPPER ALLOY, LIGHT WEIGHT, 600 V, 150 C, 20 AWG, BLU",,20,0.054,,,,,,,BLU,M22759/32. OD approx. nominal. SAMPLE DATA - VERIFY AGAINST CURRENT SPEC SHEET
M22759/32-20-7,wire,"WIRE, XL-ETFE, TIN-COATED HS COPPER ALLOY, LIGHT WEIGHT, 600 V, 150 C, 20 AWG, VIO",,20,0.054,,,,,,,VIO,M22759/32. OD approx. nominal. SAMPLE DATA - VERIFY AGAINST CURRENT SPEC SHEET
M22759/32-20-8,wire,"WIRE, XL-ETFE, TIN-COATED HS COPPER ALLOY, LIGHT WEIGHT, 600 V, 150 C, 20 AWG, GRY",,20,0.054,,,,,,,GRY,M22759/32. OD approx. nominal. SAMPLE DATA - VERIFY AGAINST CURRENT SPEC SHEET
M22759/32-20-9,wire,"WIRE, XL-ETFE, TIN-COATED HS COPPER ALLOY, LIGHT WEIGHT, 600 V, 150 C, 20 AWG, WHT",,20,0.054,,,,,,,WHT,M22759/32. OD approx. nominal. SAMPLE DATA - VERIFY AGAINST CURRENT SPEC SHEET
M22759/32-18-0,wire,"WIRE, XL-ETFE, TIN-COATED HS COPPER ALLOY, LIGHT WEIGHT, 600 V, 150 C, 18 AWG, BLK",,18,0.064,,,,,,,BLK,M22759/32. OD approx. nominal. SAMPLE DATA - VERIFY AGAINST CURRENT SPEC SHEET
M22759/32-18-1,wire,"WIRE, XL-ETFE, TIN-COATED HS COPPER ALLOY, LIGHT WEIGHT, 600 V, 150 C, 18 AWG, BRN",,18,0.064,,,,,,,BRN,M22759/32. OD approx. nominal. SAMPLE DATA - VERIFY AGAINST CURRENT SPEC SHEET
M22759/32-18-2,wire,"WIRE, XL-ETFE, TIN-COATED HS COPPER ALLOY, LIGHT WEIGHT, 600 V, 150 C, 18 AWG, RED",,18,0.064,,,,,,,RED,M22759/32. OD approx. nominal. SAMPLE DATA - VERIFY AGAINST CURRENT SPEC SHEET
M22759/32-18-3,wire,"WIRE, XL-ETFE, TIN-COATED HS COPPER ALLOY, LIGHT WEIGHT, 600 V, 150 C, 18 AWG, ORN",,18,0.064,,,,,,,ORN,M22759/32. OD approx. nominal. SAMPLE DATA - VERIFY AGAINST CURRENT SPEC SHEET
M22759/32-18-4,wire,"WIRE, XL-ETFE, TIN-COATED HS COPPER ALLOY, LIGHT WEIGHT, 600 V, 150 C, 18 AWG, YEL",,18,0.064,,,,,,,YEL,M22759/32. OD approx. nominal. SAMPLE DATA - VERIFY AGAINST CURRENT SPEC SHEET
M22759/32-18-5,wire,"WIRE, XL-ETFE, TIN-COATED HS COPPER ALLOY, LIGHT WEIGHT, 600 V, 150 C, 18 AWG, GRN",,18,0.064,,,,,,,GRN,M22759/32. OD approx. nominal. SAMPLE DATA - VERIFY AGAINST CURRENT SPEC SHEET
M22759/32-18-6,wire,"WIRE, XL-ETFE, TIN-COATED HS COPPER ALLOY, LIGHT WEIGHT, 600 V, 150 C, 18 AWG, BLU",,18,0.064,,,,,,,BLU,M22759/32. OD approx. nominal. SAMPLE DATA - VERIFY AGAINST CURRENT SPEC SHEET
M22759/32-18-7,wire,"WIRE, XL-ETFE, TIN-COATED HS COPPER ALLOY, LIGHT WEIGHT, 600 V, 150 C, 18 AWG, VIO",,18,0.064,,,,,,,VIO,M22759/32. OD approx. nominal. SAMPLE DATA - VERIFY AGAINST CURRENT SPEC SHEET
M22759/32-18-8,wire,"WIRE, XL-ETFE, TIN-COATED HS COPPER ALLOY, LIGHT WEIGHT, 600 V, 150 C, 18 AWG, GRY",,18,0.064,,,,,,,GRY,M22759/32. OD approx. nominal. SAMPLE DATA - VERIFY AGAINST CURRENT SPEC SHEET
M22759/32-18-9,wire,"WIRE, XL-ETFE, TIN-COATED HS COPPER ALLOY, LIGHT WEIGHT, 600 V, 150 C, 18 AWG, WHT",,18,0.064,,,,,,,WHT,M22759/32. OD approx. nominal. SAMPLE DATA - VERIFY AGAINST CURRENT SPEC SHEET
M22759/32-16-0,wire,"WIRE, XL-ETFE, TIN-COATED HS COPPER ALLOY, LIGHT WEIGHT, 600 V, 150 C, 16 AWG, BLK",,16,0.074,,,,,,,BLK,M22759/32. OD approx. nominal. SAMPLE DATA - VERIFY AGAINST CURRENT SPEC SHEET
M22759/32-16-1,wire,"WIRE, XL-ETFE, TIN-COATED HS COPPER ALLOY, LIGHT WEIGHT, 600 V, 150 C, 16 AWG, BRN",,16,0.074,,,,,,,BRN,M22759/32. OD approx. nominal. SAMPLE DATA - VERIFY AGAINST CURRENT SPEC SHEET
M22759/32-16-2,wire,"WIRE, XL-ETFE, TIN-COATED HS COPPER ALLOY, LIGHT WEIGHT, 600 V, 150 C, 16 AWG, RED",,16,0.074,,,,,,,RED,M22759/32. OD approx. nominal. SAMPLE DATA - VERIFY AGAINST CURRENT SPEC SHEET
M22759/32-16-3,wire,"WIRE, XL-ETFE, TIN-COATED HS COPPER ALLOY, LIGHT WEIGHT, 600 V, 150 C, 16 AWG, ORN",,16,0.074,,,,,,,ORN,M22759/32. OD approx. nominal. SAMPLE DATA - VERIFY AGAINST CURRENT SPEC SHEET
M22759/32-16-4,wire,"WIRE, XL-ETFE, TIN-COATED HS COPPER ALLOY, LIGHT WEIGHT, 600 V, 150 C, 16 AWG, YEL",,16,0.074,,,,,,,YEL,M22759/32. OD approx. nominal. SAMPLE DATA - VERIFY AGAINST CURRENT SPEC SHEET
M22759/32-16-5,wire,"WIRE, XL-ETFE, TIN-COATED HS COPPER ALLOY, LIGHT WEIGHT, 600 V, 150 C, 16 AWG, GRN",,16,0.074,,,,,,,GRN,M22759/32. OD approx. nominal. SAMPLE DATA - VERIFY AGAINST CURRENT SPEC SHEET
M22759/32-16-6,wire,"WIRE, XL-ETFE, TIN-COATED HS COPPER ALLOY, LIGHT WEIGHT, 600 V, 150 C, 16 AWG, BLU",,16,0.074,,,,,,,BLU,M22759/32. OD approx. nominal. SAMPLE DATA - VERIFY AGAINST CURRENT SPEC SHEET
M22759/32-16-7,wire,"WIRE, XL-ETFE, TIN-COATED HS COPPER ALLOY, LIGHT WEIGHT, 600 V, 150 C, 16 AWG, VIO",,16,0.074,,,,,,,VIO,M22759/32. OD approx. nominal. SAMPLE DATA - VERIFY AGAINST CURRENT SPEC SHEET
M22759/32-16-8,wire,"WIRE, XL-ETFE, TIN-COATED HS COPPER ALLOY, LIGHT WEIGHT, 600 V, 150 C, 16 AWG, GRY",,16,0.074,,,,,,,GRY,M22759/32. OD approx. nominal. SAMPLE DATA - VERIFY AGAINST CURRENT SPEC SHEET
M22759/32-16-9,wire,"WIRE, XL-ETFE, TIN-COATED HS COPPER ALLOY, LIGHT WEIGHT, 600 V, 150 C, 16 AWG, WHT",,16,0.074,,,,,,,WHT,M22759/32. OD approx. nominal. SAMPLE DATA - VERIFY AGAINST CURRENT SPEC SHEET
M22759/32-14-0,wire,"WIRE, XL-ETFE, TIN-COATED HS COPPER ALLOY, LIGHT WEIGHT, 600 V, 150 C, 14 AWG, BLK",,14,0.091,,,,,,,BLK,M22759/32. OD approx. nominal. SAMPLE DATA - VERIFY AGAINST CURRENT SPEC SHEET
M22759/32-14-1,wire,"WIRE, XL-ETFE, TIN-COATED HS COPPER ALLOY, LIGHT WEIGHT, 600 V, 150 C, 14 AWG, BRN",,14,0.091,,,,,,,BRN,M22759/32. OD approx. nominal. SAMPLE DATA - VERIFY AGAINST CURRENT SPEC SHEET
M22759/32-14-2,wire,"WIRE, XL-ETFE, TIN-COATED HS COPPER ALLOY, LIGHT WEIGHT, 600 V, 150 C, 14 AWG, RED",,14,0.091,,,,,,,RED,M22759/32. OD approx. nominal. SAMPLE DATA - VERIFY AGAINST CURRENT SPEC SHEET
M22759/32-14-3,wire,"WIRE, XL-ETFE, TIN-COATED HS COPPER ALLOY, LIGHT WEIGHT, 600 V, 150 C, 14 AWG, ORN",,14,0.091,,,,,,,ORN,M22759/32. OD approx. nominal. SAMPLE DATA - VERIFY AGAINST CURRENT SPEC SHEET
M22759/32-14-4,wire,"WIRE, XL-ETFE, TIN-COATED HS COPPER ALLOY, LIGHT WEIGHT, 600 V, 150 C, 14 AWG, YEL",,14,0.091,,,,,,,YEL,M22759/32. OD approx. nominal. SAMPLE DATA - VERIFY AGAINST CURRENT SPEC SHEET
M22759/32-14-5,wire,"WIRE, XL-ETFE, TIN-COATED HS COPPER ALLOY, LIGHT WEIGHT, 600 V, 150 C, 14 AWG, GRN",,14,0.091,,,,,,,GRN,M22759/32. OD approx. nominal. SAMPLE DATA - VERIFY AGAINST CURRENT SPEC SHEET
M22759/32-14-6,wire,"WIRE, XL-ETFE, TIN-COATED HS COPPER ALLOY, LIGHT WEIGHT, 600 V, 150 C, 14 AWG, BLU",,14,0.091,,,,,,,BLU,M22759/32. OD approx. nominal. SAMPLE DATA - VERIFY AGAINST CURRENT SPEC SHEET
M22759/32-14-7,wire,"WIRE, XL-ETFE, TIN-COATED HS COPPER ALLOY, LIGHT WEIGHT, 600 V, 150 C, 14 AWG, VIO",,14,0.091,,,,,,,VIO,M22759/32. OD approx. nominal. SAMPLE DATA - VERIFY AGAINST CURRENT SPEC SHEET
M22759/32-14-8,wire,"WIRE, XL-ETFE, TIN-COATED HS COPPER ALLOY, LIGHT WEIGHT, 600 V, 150 C, 14 AWG, GRY",,14,0.091,,,,,,,GRY,M22759/32. OD approx. nominal. SAMPLE DATA - VERIFY AGAINST CURRENT SPEC SHEET
M22759/32-14-9,wire,"WIRE, XL-ETFE, TIN-COATED HS COPPER ALLOY, LIGHT WEIGHT, 600 V, 150 C, 14 AWG, WHT",,14,0.091,,,,,,,WHT,M22759/32. OD approx. nominal. SAMPLE DATA - VERIFY AGAINST CURRENT SPEC SHEET
M22759/32-12-0,wire,"WIRE, XL-ETFE, TIN-COATED HS COPPER ALLOY, LIGHT WEIGHT, 600 V, 150 C, 12 AWG, BLK",,12,0.111,,,,,,,BLK,M22759/32. OD approx. nominal. SAMPLE DATA - VERIFY AGAINST CURRENT SPEC SHEET
M22759/32-12-1,wire,"WIRE, XL-ETFE, TIN-COATED HS COPPER ALLOY, LIGHT WEIGHT, 600 V, 150 C, 12 AWG, BRN",,12,0.111,,,,,,,BRN,M22759/32. OD approx. nominal. SAMPLE DATA - VERIFY AGAINST CURRENT SPEC SHEET
M22759/32-12-2,wire,"WIRE, XL-ETFE, TIN-COATED HS COPPER ALLOY, LIGHT WEIGHT, 600 V, 150 C, 12 AWG, RED",,12,0.111,,,,,,,RED,M22759/32. OD approx. nominal. SAMPLE DATA - VERIFY AGAINST CURRENT SPEC SHEET
M22759/32-12-3,wire,"WIRE, XL-ETFE, TIN-COATED HS COPPER ALLOY, LIGHT WEIGHT, 600 V, 150 C, 12 AWG, ORN",,12,0.111,,,,,,,ORN,M22759/32. OD approx. nominal. SAMPLE DATA - VERIFY AGAINST CURRENT SPEC SHEET
M22759/32-12-4,wire,"WIRE, XL-ETFE, TIN-COATED HS COPPER ALLOY, LIGHT WEIGHT, 600 V, 150 C, 12 AWG, YEL",,12,0.111,,,,,,,YEL,M22759/32. OD approx. nominal. SAMPLE DATA - VERIFY AGAINST CURRENT SPEC SHEET
M22759/32-12-5,wire,"WIRE, XL-ETFE, TIN-COATED HS COPPER ALLOY, LIGHT WEIGHT, 600 V, 150 C, 12 AWG, GRN",,12,0.111,,,,,,,GRN,M22759/32. OD approx. nominal. SAMPLE DATA - VERIFY AGAINST CURRENT SPEC SHEET
M22759/32-12-6,wire,"WIRE, XL-ETFE, TIN-COATED HS COPPER ALLOY, LIGHT WEIGHT, 600 V, 150 C, 12 AWG, BLU",,12,0.111,,,,,,,BLU,M22759/32. OD approx. nominal. SAMPLE DATA - VERIFY AGAINST CURRENT SPEC SHEET
M22759/32-12-7,wire,"WIRE, XL-ETFE, TIN-COATED HS COPPER ALLOY, LIGHT WEIGHT, 600 V, 150 C, 12 AWG, VIO",,12,0.111,,,,,,,VIO,M22759/32. OD approx. nominal. SAMPLE DATA - VERIFY AGAINST CURRENT SPEC SHEET
M22759/32-12-8,wire,"WIRE, XL-ETFE, TIN-COATED HS COPPER ALLOY, LIGHT WEIGHT, 600 V, 150 C, 12 AWG, GRY",,12,0.111,,,,,,,GRY,M22759/32. OD approx. nominal. SAMPLE DATA - VERIFY AGAINST CURRENT SPEC SHEET
M22759/32-12-9,wire,"WIRE, XL-ETFE, TIN-COATED HS COPPER ALLOY, LIGHT WEIGHT, 600 V, 150 C, 12 AWG, WHT",,12,0.111,,,,,,,WHT,M22759/32. OD approx. nominal. SAMPLE DATA - VERIFY AGAINST CURRENT SPEC SHEET
