Wire ID,From,From Pin,To,To Pin,Signal,Gauge,Color,Wire P/N,Wire Label P/N,Group,Notes
W1,P1,A,P2,A,+28V PWR,20,RED,M22759/16-20-2,TMS-SCE-1/8-2.0-9,,
W2,P1,B,P2,B,28V RTN,20,BLK,M22759/16-20-0,TMS-SCE-1/8-2.0-9,,
W3,P1,C,P2,C,RS422 TX+,22,WHT,,TMS-SCE-1/8-2.0-9,TSP1,
W4,P1,D,P2,D,RS422 TX-,22,BLU,,TMS-SCE-1/8-2.0-9,TSP1,
W5,P1,E,P2,E,RS422 RX+,22,WHT,M22759/16-22-9,TMS-SCE-1/8-2.0-9,TP2,
W6,P1,F,P2,F,RS422 RX-,22,BLU,M22759/16-22-6,TMS-SCE-1/8-2.0-9,TP2,
W7,P1,G,P2,H,DISCRETE IN 1,22,WHT,M22759/16-22-9,TMS-SCE-1/8-2.0-9,,
W8,P1,H,P2,G,DISCRETE OUT 1,22,WHT,M22759/16-22-9,TMS-SCE-1/8-2.0-9,,
W9,P1,J,SP1,,SIG GND,22,BLK,M22759/16-22-0,TMS-SCE-1/8-2.0-9,,
W10,P1,K,P1,L,ADDR STRAP,22,WHT,M22759/16-22-9,TMS-SCE-1/8-2.0-9,,JUMPER IN P1
W11,P1,M,P2,M,CHASSIS GND,20,GRN,M22759/16-20-5,TMS-SCE-1/8-2.0-9,,
W12,SP1,,P2,J,SIG GND A,22,BLK,M22759/16-22-0,TMS-SCE-1/8-2.0-9,,
W13,SP1,,P2,K,SIG GND B,22,BLK,M22759/16-22-0,TMS-SCE-1/8-2.0-9,,
