Item,Qty,Unit,Part Number,Description,Used On
1,1,EA,D38999/26WD18SN,"CONNECTOR, PLUG, 18 SKT",P1
2,1,EA,D38999/26WD18PN,"CONNECTOR, PLUG, 18 PIN",P2
3,2,EA,M85049/38S15W,"BACKSHELL, STRAIGHT, SHELL 15","P1, P2"
4,2,EA,202K153-25/225-0,"BOOT, HEATSHRINK, STRAIGHT","P1, P2"
5,2,EA,TMS-SCE-1/2-2.0-9,"SLEEVE, IDENTIFICATION, 1/2 IN","P1, P2"
6,48,IN,M27500-22TG2T14,"CABLE, SHIELDED TWISTED PAIR, 22 AWG",TSP1
7,48,IN,M22759/16-20-2,"WIRE, 20 AWG, RED",W1
8,48,IN,M22759/16-20-0,"WIRE, 20 AWG, BLK",W2
9,AR,IN,M22759/16-22-9,"WIRE, 22 AWG, WHT","W5, W7, W8, W10"
10,48,IN,M22759/16-22-6,"WIRE, 22 AWG, BLU",W6
11,54,IN,M22759/16-22-0,"WIRE, 22 AWG, BLK","W9, W12, W13"
12,48,IN,M22759/16-20-5,"WIRE, 20 AWG, GRN",W11
13,2,EA,M83519/2-3,"SHIELD TERMINATION, SOLDER SLEEVE","TSP1@P1, TSP1@P2"
14,1,EA,M81824/1-1,"SPLICE, CRIMP, ENVIRONMENT RESISTANT",SP1
15,26,EA,TMS-SCE-1/8-2.0-9,"MARKER, WIRE, 1/8 IN","W1, W2, W3, W4, W5, W6, W7, W8, W9, W10, W11, W12, W13"
